INSERT INTO projetobd.Codigo_Postal VALUES ('4700-004','Braga');
INSERT INTO projetobd.Codigo_Postal VALUES ('4700-005','Braga');
INSERT INTO projetobd.Codigo_Postal VALUES ('4760-001','Vila Nova de Famalicao');
INSERT INTO projetobd.Codigo_Postal VALUES ('4700-008','Braga');
INSERT INTO projetobd.Codigo_Postal VALUES ('4800-004','Guimaraes');
INSERT INTO projetobd.Codigo_Postal VALUES ('4775-001','Cambeses');
INSERT INTO projetobd.Codigo_Postal VALUES ('4705-001','Arentim');


INSERT INTO projetobd.Modalidade VALUES (1,'Nado sincronizado','Aquatico');
INSERT INTO projetobd.Modalidade VALUES (2,'Natação','Aquatico');
INSERT INTO projetobd.Modalidade VALUES (3,'Polo aquático','Aquatico');
INSERT INTO projetobd.Modalidade VALUES (4,'Saltos ornamentais','Aquatico');
INSERT INTO projetobd.Modalidade VALUES (5,'Corrida','Atletismo');
INSERT INTO projetobd.Modalidade VALUES (6,'Salto em Comprimento','Atletismo');
INSERT INTO projetobd.Modalidade VALUES (7,'Salto em Altura','Atletismo');
INSERT INTO projetobd.Modalidade VALUES (8,'Triplo Salto','Atletismo');
INSERT INTO projetobd.Modalidade VALUES (9,'Basketball','Equipa');
INSERT INTO projetobd.Modalidade VALUES (10,'Futebol','Equipa');
INSERT INTO projetobd.Modalidade VALUES (11,'Handebol','Equipa');
INSERT INTO projetobd.Modalidade VALUES (12,'Artistica','Ginastica');
INSERT INTO projetobd.Modalidade VALUES (13,'Ritmica','Ginastica');
INSERT INTO projetobd.Modalidade VALUES (14,'Trampolim','Ginastica');
INSERT INTO projetobd.Modalidade VALUES (15,'Disco','Lancamento');
INSERT INTO projetobd.Modalidade VALUES (16,'Martelo','Lancamento');
INSERT INTO projetobd.Modalidade VALUES (17,'Dardo','Lancamento');
INSERT INTO projetobd.Modalidade VALUES (18,'Ciclismo','Corrida');
INSERT INTO projetobd.Modalidade VALUES (19,'Canoagem','Corrida');
INSERT INTO projetobd.Modalidade VALUES (20,'Boxe','Individual');
INSERT INTO projetobd.Modalidade VALUES (21,'Esgrima','Individual');
INSERT INTO projetobd.Modalidade VALUES (22,'Tenis','Individual');


INSERT INTO projetobd.Especialidade VALUES (1,'Psicologia');
INSERT INTO projetobd.Especialidade VALUES (2,'Fisioterapia');
INSERT INTO projetobd.Especialidade VALUES (3,'Ortopedia');
INSERT INTO projetobd.Especialidade VALUES (4,'Oftaumologia');
INSERT INTO projetobd.Especialidade VALUES (5,'Neurologia');
INSERT INTO projetobd.Especialidade VALUES (6,'Clinica Geral');


INSERT INTO projetobd.EquipamentoClinico VALUES (1,'Raio X',5500);
INSERT INTO projetobd.EquipamentoClinico VALUES (2,'Raio X',5500);
INSERT INTO projetobd.EquipamentoClinico VALUES (3,'Raio X',5500);
INSERT INTO projetobd.EquipamentoClinico VALUES (4,'Balança',200);
INSERT INTO projetobd.EquipamentoClinico VALUES (5,'Balança',200);
INSERT INTO projetobd.EquipamentoClinico VALUES (6,'Balança',200);
INSERT INTO projetobd.EquipamentoClinico VALUES (7,'Passadeira Elétrica',700);
INSERT INTO projetobd.EquipamentoClinico VALUES (8,'Passadeira Elétrica',700);
INSERT INTO projetobd.EquipamentoClinico VALUES (9,'Otoscopio',100);
INSERT INTO projetobd.EquipamentoClinico VALUES (10,'Otoscopio',100);
INSERT INTO projetobd.EquipamentoClinico VALUES (11,'Otoscopio',100);
INSERT INTO projetobd.EquipamentoClinico VALUES (12,'Otoscopio',100);
INSERT INTO projetobd.EquipamentoClinico VALUES (13,'Estetoscopio',75);
INSERT INTO projetobd.EquipamentoClinico VALUES (14,'Estetoscopio',75);


INSERT INTO projetobd.Medico VALUES ('Gumersinda Almeida','Travessa do Cruzeiro Dume ','1963-12-30',2,'F',962641213,'GumersindaAlmeida@outlook.com',1,'4700-005','2019-12-14');
INSERT INTO projetobd.Medico VALUES ('Igelcemina Leal','Rua Comendador Padre David de Oliveira Martins ','1988-04-22',6,'F',917179166,'IgelceminaLeal@gmail.com',2,'4705-001','2019-08-27');
INSERT INTO projetobd.Medico VALUES ('Marcolina Matos','Cangosta do Boular ','1997-03-06',4,'F',965461246,'MarcolinaMatos@gmail.com',3,'4700-004','2019-11-09');
INSERT INTO projetobd.Medico VALUES ('Ubaldino Sa','Avenida General Humberto Delgado Antas ','1970-03-03',2,'M',932722554,'UbaldinoSa358@outlook.com',4,'4760-001','2019-02-14');
INSERT INTO projetobd.Medico VALUES ('Marco Moura','Rua Mario Cesariny ','1962-07-19',1,'M',935122274,'MarcoMoura241@gmail.com',5,'4760-001','2019-10-17');
INSERT INTO projetobd.Medico VALUES ('Savio Morais','Rua da Carcamije Dume ','1980-01-27',2,'M',919478440,'SavioMorais@gmail.com',6,'4700-004','2019-10-06');
INSERT INTO projetobd.Medico VALUES ('Especiosa Lopes','Rua de Cabanas Dume ','1983-02-03',5,'F',917262361,'EspeciosaLopes1983@gmail.com',7,'4700-004','2019-08-01');
INSERT INTO projetobd.Medico VALUES ('Brigido Ferreira','Rua Comendador Padre David de Oliveira Martins ','1965-01-29',6,'M',961222996,'BrigidoFerreira@gmail.com',8,'4705-001','2019-07-15');
INSERT INTO projetobd.Medico VALUES ('Teodoro Batista','Caminho de Casas Novas Dume ','1971-08-04',6,'M',917438485,'TeodoroBatista51@gmail.com',9,'4700-005','2019-02-15');
INSERT INTO projetobd.Medico VALUES ('Aarao Araujo','Rua do Bairro ','1989-03-27',1,'M',931324966,'AaraoAraujo154@gmail.com',10,'4775-001','2019-10-10');
INSERT INTO projetobd.Medico VALUES ('Anselmo Amaral','Travessa Cimo de Vila Dume ','1988-08-24',5,'M',936947978,'AnselmoAmaral353@hotmail.com',11,'4700-005','2019-11-25');
INSERT INTO projetobd.Medico VALUES ('Elia Maia','Rua de Sao Lourenco da Ordem ','1994-06-14',5,'F',913348831,'EliaMaia87@gmail.com',12,'4700-004','2019-11-16');
INSERT INTO projetobd.Medico VALUES ('Gildasio Raposo','Rua da Carcamije Dume ','1973-08-26',3,'M',917569289,'GildasioRaposo@gmail.com',13,'4700-004','2018-12-14');
INSERT INTO projetobd.Medico VALUES ('Armandino Fonseca','Rua Carlos Paiao ','1962-04-17',1,'M',916487322,'ArmandinoFonseca1962@gmail.com',14,'4700-004','2018-08-08');
INSERT INTO projetobd.Medico VALUES ('Helda Neto','Lugar da Ordem ','1997-02-27',3,'F',913648424,'HeldaNeto1997@outlook.com',15,'4700-008','2019-01-20');
INSERT INTO projetobd.Medico VALUES ('Graciliana Henriques','Rua Doutor Jose Regio Dume ','1993-10-19',5,'F',915129814,'GracilianaHenriques1993@gmail.com',16,'4700-004','2019-08-29');
INSERT INTO projetobd.Medico VALUES ('Lila Reis','Rua da Carcamije Dume ','1985-12-26',5,'F',964653489,'LilaReis@gmail.com',17,'4700-004','2018-11-22');
INSERT INTO projetobd.Medico VALUES ('Hermano Barros','Rua da Cangosta ','1978-03-07',5,'M',915006603,'HermanoBarros96@yahoo.com',18,'4705-001','2018-10-17');
INSERT INTO projetobd.Medico VALUES ('Fabricia Antunes','Rua Doutor Matias Moura Dume ','1976-06-14',1,'F',937972724,'FabriciaAntunes@yahoo.com',19,'4700-004','2019-02-05');
INSERT INTO projetobd.Medico VALUES ('Vestina Domingues','Rua de Sao Rosendo ( Bispo de Dume ) Dume ','1967-02-27',5,'F',939135885,'VestinaDomingues203@hotmail.com',20,'4700-008','2019-10-26');


INSERT INTO projetobd.Atleta VALUES ('Ludovico Domingues','Travessa 1 de Maio ','1971-06-29',9,'M',913495246,'LudovicoDomingues174@gmail.com',1,12,'4700-008');
INSERT INTO projetobd.Atleta VALUES ('Decimo Vaz','Rua Fernando Pessoa Dume ','2001-03-01',6,'M',967818384,'DecimoVaz292@yahoo.com',2,14,'4700-004');
INSERT INTO projetobd.Atleta VALUES ('Eudora Andrade','Lugar de Senra ','1964-02-09',13,'F',932455996,'EudoraAndrade@gmail.com',3,20,'4700-008');
INSERT INTO projetobd.Atleta VALUES ('Quirio Lima','Lugar Cimo de Vila ','1985-05-21',14,'M',965538592,'QuirioLima100@yahoo.com',4,2,'4700-005');
INSERT INTO projetobd.Atleta VALUES ('Solongia Brito','Rua da Carcamije Dume ','1965-03-03',1,'F',913546699,'SolongiaBrito1965@outlook.com',5,16,'4700-004');
INSERT INTO projetobd.Atleta VALUES ('Sesinando Neves','Rua Paulo Vi ','1967-05-10',15,'M',918599143,'SesinandoNeves@yahoo.com',6,14,'4700-004');
INSERT INTO projetobd.Atleta VALUES ('Carela Matos','Rua Candido dos Reis ','1993-03-03',18,'F',934546904,'CarelaMatos@gmail.com',7,15,'4700-004');
INSERT INTO projetobd.Atleta VALUES ('Jandira Loureiro','Largo de Sao Martinho Dume ','1982-11-20',1,'F',966301079,'JandiraLoureiro186@gmail.com',8,12,'4700-008');
INSERT INTO projetobd.Atleta VALUES ('Paulina Cunha','Rua Jose da Carolina ','1978-08-17',2,'F',964273241,'PaulinaCunha@gmail.com',9,17,'4705-001');
INSERT INTO projetobd.Atleta VALUES ('Delmina Soares','Calcada de Sao Martinho Real ','1997-08-31',5,'F',964543344,'DelminaSoares1997@hotmail.com',10,12,'4700-004');
INSERT INTO projetobd.Atleta VALUES ('Joscelina Faria','Rua Almada Negreiros Dume ','2001-05-28',9,'F',965557556,'JoscelinaFaria2001@gmail.com',11,3,'4700-004');
INSERT INTO projetobd.Atleta VALUES ('Caetano Melo','Rua de Sao Sebastiao ','1977-10-08',16,'M',968299760,'CaetanoMelo1977@outlook.com',12,10,'4700-004');
INSERT INTO projetobd.Atleta VALUES ('Tabita Ferreira','Avenida Rebelo Mesquita Antas ','1987-02-11',2,'F',964095887,'TabitaFerreira@hotmail.com',13,17,'4760-001');
INSERT INTO projetobd.Atleta VALUES ('Crestila Amaral','Rua Antonio Ferreira de Matos Antas ','1970-04-25',17,'F',969315306,'CrestilaAmaral75@gmail.com',14,1,'4760-001');
INSERT INTO projetobd.Atleta VALUES ('Eurico Nunes','Rua Joao Goncalves ','1979-02-19',21,'M',935724541,'EuricoNunes1979@gmail.com',15,15,'4800-004');
INSERT INTO projetobd.Atleta VALUES ('Silverio Matos','Rua do Senhor da Cruz ','1969-08-04',12,'M',961380229,'SilverioMatos1969@hotmail.com',16,13,'4775-001');
INSERT INTO projetobd.Atleta VALUES ('Uldrico Andrade','Rua Doutor Mario Dias Azurem ','1984-03-17',13,'M',916936906,'UldricoAndrade150@outlook.com',17,12,'4800-004');
INSERT INTO projetobd.Atleta VALUES ('Ludmila Barbosa','Travessa da Bela Vista ','1973-08-30',15,'F',916627765,'LudmilaBarbosa@gmail.com',18,10,'4775-001');
INSERT INTO projetobd.Atleta VALUES ('Bernardino Martins','Praceta Joaquim Chaves ','1974-05-28',6,'M',938750842,'BernardinoMartins1974@gmail.com',19,10,'4700-008');
INSERT INTO projetobd.Atleta VALUES ('Libertario Torres','Rua Joao de Deus ','1983-09-04',17,'M',931453744,'LibertarioTorres233@gmail.com',20,19,'4700-004');
INSERT INTO projetobd.Atleta VALUES ('Brigido Lourenco','Rua Monte de Baixo ','1977-04-23',7,'M',917515685,'BrigidoLourenco189@gmail.com',21,20,'4705-001');
INSERT INTO projetobd.Atleta VALUES ('Basilia Figueiredo','Rua do Cordeiro Dume ','1995-05-12',17,'F',936428748,'BasiliaFigueiredo@hotmail.com',22,16,'4700-005');
INSERT INTO projetobd.Atleta VALUES ('Cassilda Loureiro','Rua Candido dos Reis ','1988-05-24',14,'F',912647089,'CassildaLoureiro1988@gmail.com',23,14,'4700-004');
INSERT INTO projetobd.Atleta VALUES ('Lusa Almeida','Rua Joao Penha ','1975-09-01',16,'F',961097700,'LusaAlmeida@hotmail.com',24,4,'4700-004');
INSERT INTO projetobd.Atleta VALUES ('Sara Sousa','Rua de Goa Azurem ','2001-12-17',20,'F',916444481,'SaraSousa2001@gmail.com',25,10,'4800-004');
INSERT INTO projetobd.Atleta VALUES ('Urbina Amaral','Rua de Sao Martinho Dume ','1988-01-25',16,'F',931890777,'UrbinaAmaral@yahoo.com',26,19,'4700-008');
INSERT INTO projetobd.Atleta VALUES ('Guida Marques','Rua Vitorino Nemesio Dume ','1966-08-25',21,'F',918211089,'GuidaMarques163@outlook.com',27,17,'4700-004');
INSERT INTO projetobd.Atleta VALUES ('Olivio Rocha','Rua Jose Albino Costa e Silva Azurem ','1993-04-11',11,'M',938979571,'OlivioRocha@gmail.com',28,8,'4800-004');
INSERT INTO projetobd.Atleta VALUES ('Helvecio Pinto','Lugar do Crasto ','1972-10-06',11,'M',938419491,'HelvecioPinto@yahoo.com',29,19,'4700-008');
INSERT INTO projetobd.Atleta VALUES ('Cidalio Raposo','Largo de Sao Sebastiao ','1973-05-04',10,'M',967667741,'CidalioRaposo@gmail.com',30,6,'4700-008');
INSERT INTO projetobd.Atleta VALUES ('Damiao Borges','Caminho do Carvalhedo ','1967-06-09',20,'M',937481232,'DamiaoBorges@yahoo.com',31,15,'4700-005');
INSERT INTO projetobd.Atleta VALUES ('Adelina Ferreira','Avenida do Cavado Dume ','1971-02-16',1,'F',916902540,'AdelinaFerreira@hotmail.com',32,8,'4700-008');
INSERT INTO projetobd.Atleta VALUES ('Amaro Maia','Rua de Sao Rosendo ( Bispo de Dume ) Dume ','1996-05-31',16,'M',967520191,'AmaroMaia@gmail.com',33,3,'4700-008');
INSERT INTO projetobd.Atleta VALUES ('Ursicia Cruz','Praca da Autarquia ','1977-02-04',2,'F',961302012,'UrsiciaCruz357@gmail.com',34,14,'4775-001');
INSERT INTO projetobd.Atleta VALUES ('Gumesindo Rodrigues','Lugar de Senra ','1963-12-19',2,'M',961783186,'GumesindoRodrigues1963@gmail.com',35,7,'4700-008');
INSERT INTO projetobd.Atleta VALUES ('Aurelia Teixeira','Rua de Santo Antonio das Travessas ','1984-06-06',22,'F',969366858,'AureliaTeixeira@hotmail.com',36,2,'4700-004');
INSERT INTO projetobd.Atleta VALUES ('Dulcelina Garcia','Rua da Veiga de Fora Fermentoes ','1971-08-27',9,'F',918009403,'DulcelinaGarcia@gmail.com',37,6,'4800-004');
INSERT INTO projetobd.Atleta VALUES ('Romulo Maia','Rua da Veiga de Fora Fermentoes ','1983-12-17',20,'M',917295294,'RomuloMaia8@gmail.com',38,19,'4800-004');
INSERT INTO projetobd.Atleta VALUES ('Digna Rocha','Rua de Entre-Portas Dume ','2000-09-04',8,'F',969742181,'DignaRocha2000@gmail.com',39,2,'4700-005');
INSERT INTO projetobd.Atleta VALUES ('Demelza Costa','Rua 8 de Dezembro Antas ','1987-08-22',5,'F',961788002,'DemelzaCosta1987@gmail.com',40,15,'4760-001');
INSERT INTO projetobd.Atleta VALUES ('Bernia Silva','Rua da Cangosta ','1992-05-12',22,'F',966113079,'BerniaSilva@gmail.com',41,9,'4705-001');
INSERT INTO projetobd.Atleta VALUES ('Vivaldo Garcia','Lugar de Senra ','1991-08-28',19,'M',968262145,'VivaldoGarcia@gmail.com',42,1,'4700-008');
INSERT INTO projetobd.Atleta VALUES ('Giulia Borges','Rua do Rego Dume ','1965-05-13',3,'F',912717705,'GiuliaBorges1965@gmail.com',43,20,'4700-008');
INSERT INTO projetobd.Atleta VALUES ('Ligia Moreira','Rua Antonio Ferreira de Matos Antas ','1973-05-04',17,'F',914538092,'LigiaMoreira377@outlook.com',44,15,'4760-001');
INSERT INTO projetobd.Atleta VALUES ('Briolanjo Anjos','Avenida dos Descobrimentos Calendario ','1969-05-17',12,'M',965194461,'BriolanjoAnjos1969@gmail.com',45,13,'4760-001');
INSERT INTO projetobd.Atleta VALUES ('Alipio Araujo','Lugar Cimo de Vila ','1970-06-19',5,'M',919531827,'AlipioAraujo279@gmail.com',46,10,'4700-005');
INSERT INTO projetobd.Atleta VALUES ('Eduino Magalhaes','Rua de Remelhe Dume ','2001-12-13',21,'M',911888297,'EduinoMagalhaes@hotmail.com',47,10,'4700-008');
INSERT INTO projetobd.Atleta VALUES ('Ursacio Freitas','Avenida do Cavado Dume ','1990-03-04',7,'M',965587156,'UrsacioFreitas@outlook.com',48,18,'4700-008');
INSERT INTO projetobd.Atleta VALUES ('Jairo Tavares','Rua de Sao Martinho Dume ','1987-10-01',9,'M',967935767,'JairoTavares1987@hotmail.com',49,10,'4700-008');
INSERT INTO projetobd.Atleta VALUES ('Lito Branco','Rua Bernardim Ribeiro Dume ','2001-03-05',6,'M',939931125,'LitoBranco@outlook.com',50,17,'4700-004');
INSERT INTO projetobd.Atleta VALUES ('Titania Mota','Rua Doutor Manuel Jose de Oliveira Machado Dume ','1975-10-29',22,'F',917792707,'TitaniaMota@gmail.com',51,4,'4700-005');
INSERT INTO projetobd.Atleta VALUES ('Dioclecia Antunes','Estrada Nacional 101 Dume ','1978-02-03',21,'F',939456228,'DiocleciaAntunes@hotmail.com',52,10,'4700-005');
INSERT INTO projetobd.Atleta VALUES ('Asia Lopes','Lugar de Senra ','1970-09-30',21,'F',912267171,'AsiaLopes@outlook.com',53,8,'4700-008');
INSERT INTO projetobd.Atleta VALUES ('Iracema Macedo','Rua Doutor Manuel Jose de Oliveira Machado Dume ','1989-04-29',16,'F',917833235,'IracemaMacedo@outlook.com',54,14,'4700-005');
INSERT INTO projetobd.Atleta VALUES ('Leccio Lopes','Avenida do Brasil Gaviao ','1966-06-23',1,'M',968892013,'LeccioLopes@outlook.com',55,20,'4760-001');
INSERT INTO projetobd.Atleta VALUES ('Auxilia Mota','Rua da Barroca ','1991-08-31',20,'F',918439718,'AuxiliaMota@hotmail.com',56,9,'4705-001');
INSERT INTO projetobd.Atleta VALUES ('Edo Oliveira','Rua da Liberdade ','1966-12-10',11,'M',932249881,'EdoOliveira20@gmail.com',57,8,'4705-001');
INSERT INTO projetobd.Atleta VALUES ('Fidelio Campos','Rua da Liberdade ','1985-08-02',16,'M',933050494,'FidelioCampos@gmail.com',58,20,'4705-001');
INSERT INTO projetobd.Atleta VALUES ('Afonsino Azevedo','Rua do Real ','1988-06-27',22,'M',914568170,'AfonsinoAzevedo1988@gmail.com',59,10,'4705-001');
INSERT INTO projetobd.Atleta VALUES ('Dioniso Figueiredo','Rua Carlos Paiao ','1966-09-12',11,'M',968843073,'DionisoFigueiredo@hotmail.com',60,12,'4700-004');
INSERT INTO projetobd.Atleta VALUES ('Helada Santos','Calcada de Sao Martinho Real ','1968-10-01',3,'F',964613087,'HeladaSantos17@gmail.com',61,4,'4700-004');
INSERT INTO projetobd.Atleta VALUES ('Catilina Fonseca','Cangosta do Ruivo Dume ','1970-07-16',21,'F',967467128,'CatilinaFonseca@outlook.com',62,1,'4700-005');
INSERT INTO projetobd.Atleta VALUES ('Tarcisio Carneiro','Largo de Sao Martinho Dume ','1974-09-18',16,'M',916139839,'TarcisioCarneiro34@outlook.com',63,15,'4700-008');
INSERT INTO projetobd.Atleta VALUES ('Tejala Valente','Rotunda Bernardino Machado Antas ','1965-05-26',4,'F',914672230,'TejalaValente@gmail.com',64,14,'4760-001');
INSERT INTO projetobd.Atleta VALUES ('Acucena Martins','Rua Doutor Mario Dias Azurem ','2001-09-08',17,'F',917296908,'AcucenaMartins2001@hotmail.com',65,2,'4800-004');
INSERT INTO projetobd.Atleta VALUES ('Ulpiano Campos','Rua Doutor Jose Regio Dume ','1988-05-31',3,'M',918567604,'UlpianoCampos@outlook.com',66,1,'4700-004');
INSERT INTO projetobd.Atleta VALUES ('Jorio Miranda','Rua do Assento Dume ','1992-09-02',4,'M',966483935,'JorioMiranda@gmail.com',67,4,'4700-004');
INSERT INTO projetobd.Atleta VALUES ('Hildegarda Borges','Largo do Rego Dume ','1968-07-09',19,'F',917469926,'HildegardaBorges@gmail.com',68,18,'4700-008');
INSERT INTO projetobd.Atleta VALUES ('Urbina Teixeira','Travessa do Cruzeiro Dume ','1991-09-03',21,'F',932481728,'UrbinaTeixeira@gmail.com',69,14,'4700-005');
INSERT INTO projetobd.Atleta VALUES ('Inocencio Almeida','Caminho de Fontelas ','1966-12-20',12,'M',931031793,'InocencioAlmeida@gmail.com',70,17,'4775-001');
INSERT INTO projetobd.Atleta VALUES ('Lisa Costa','Travessa da Bela Vista ','1965-12-30',22,'F',966068844,'LisaCosta1965@gmail.com',71,15,'4775-001');
INSERT INTO projetobd.Atleta VALUES ('Sinesio Morais','Rua de Sao Martinho Dume ','1970-08-09',8,'M',918852841,'SinesioMorais@gmail.com',72,10,'4700-008');
INSERT INTO projetobd.Atleta VALUES ('Heloisa Assuncao','Estrada Nacional 101 Dume ','1995-07-23',8,'F',919377020,'HeloisaAssuncao1995@gmail.com',73,11,'4700-005');
INSERT INTO projetobd.Atleta VALUES ('Sunamita Sa','Praceta do Surrealismo ','1969-11-21',7,'F',913771633,'SunamitaSa@gmail.com',74,12,'4760-001');
INSERT INTO projetobd.Atleta VALUES ('Idalia Henriques','Caminho da Ponte de Sobre - Moure Dume ','1965-01-19',17,'F',939383198,'IdaliaHenriques200@hotmail.com',75,13,'4700-008');


INSERT INTO projetobd.Secretaria VALUES ('Eluina Pereira',1,969666534,'EluinaPereira15@gmail.com','2019-10-20','F');
INSERT INTO projetobd.Secretaria VALUES ('Ursicia Rocha',2,965216451,'UrsiciaRocha@yahoo.com','2018-09-07','F');
INSERT INTO projetobd.Secretaria VALUES ('Cita Lima',3,963494787,'CitaLima1989@gmail.com','2019-11-04','F');



INSERT INTO projetobd.Tecnico VALUES ('Idalio Pacheco',1,961251751,'IdalioPacheco88@gmail.com','2018-08-13','M');
INSERT INTO projetobd.Tecnico VALUES ('Antero Moreira',2,966671191,'AnteroMoreira225@outlook.com','2019-09-09','M');
INSERT INTO projetobd.Tecnico VALUES ('Arisberto Baptista',3,933473899,'ArisbertoBaptista@gmail.com','2018-08-13','M');
INSERT INTO projetobd.Tecnico VALUES ('Eda Lourenco',4,915773303,'EdaLourenco@hotmail.com','2019-03-15','F');
INSERT INTO projetobd.Tecnico VALUES ('Antonina Magalhaes',5,966382359,'AntoninaMagalhaes@gmail.com','2018-12-27','F');
INSERT INTO projetobd.Tecnico VALUES ('Margarida Lopes',6,932690645,'MargaridaLopes1993@gmail.com','2018-09-25','F');
INSERT INTO projetobd.Tecnico VALUES ('Vladimiro Gomes',7,938242521,'VladimiroGomes151@yahoo.com','2019-07-28','M');
INSERT INTO projetobd.Tecnico VALUES ('Celina Brito',8,963066153,'CelinaBrito@gmail.com','2019-07-27','F');
INSERT INTO projetobd.Tecnico VALUES ('Maximo Matos',9,911473072,'MaximoMatos@gmail.com','2019-03-19','M');
INSERT INTO projetobd.Tecnico VALUES ('Vidalio Cruz',10,963866326,'VidalioCruz@gmail.com','2018-09-06','M');
INSERT INTO projetobd.Tecnico VALUES ('Cesaro Rocha',11,913962957,'CesaroRocha1976@gmail.com','2019-10-10','M');
INSERT INTO projetobd.Tecnico VALUES ('Gilma Neves',12,911146610,'GilmaNeves@gmail.com','2018-11-28','F');
INSERT INTO projetobd.Tecnico VALUES ('Sisinio Martins',13,914664266,'SisinioMartins@hotmail.com','2019-06-08','M');
INSERT INTO projetobd.Tecnico VALUES ('Alfreda Guerreiro',14,912358314,'AlfredaGuerreiro1979@gmail.com','2018-09-23','F');
INSERT INTO projetobd.Tecnico VALUES ('Tulipa Matias',15,968207252,'TulipaMatias@hotmail.com','2018-08-04','F');
INSERT INTO projetobd.Tecnico VALUES ('Germana Lima',16,915367659,'GermanaLima16@gmail.com','2018-09-10','F');
INSERT INTO projetobd.Tecnico VALUES ('Eutalia Moreira',17,963020021,'EutaliaMoreira1979@gmail.com','2019-11-19','F');
INSERT INTO projetobd.Tecnico VALUES ('Heliodoro Mendes',18,914948068,'HeliodoroMendes1969@gmail.com','2018-12-25','M');
INSERT INTO projetobd.Tecnico VALUES ('Irisalva Almeida',19,932171755,'IrisalvaAlmeida@gmail.com','2018-09-07','F');
INSERT INTO projetobd.Tecnico VALUES ('Selesia Moreira',20,969947517,'SelesiaMoreira1968@gmail.com','2019-09-30','F');


INSERT INTO projetobd.Teste_Clinico VALUES (36.71,'Exame Oftalmologico','2019-03-22 13:17:36','2019-05-11 13:15:00',1,69,3,4,6);
INSERT INTO projetobd.Teste_Clinico VALUES (38.58,'Exame Biométrico','2019-08-28 12:22:01','2019-10-12 18:30:00',2,27,2,5,13);
INSERT INTO projetobd.UsoEquipamento VALUES (1,2,9);
INSERT INTO projetobd.Teste_Clinico VALUES (37.71,'Exame Otológico','2019-01-07 12:18:11','2019-01-12 15:15:00',3,2,2,6,18);
INSERT INTO projetobd.Teste_Clinico VALUES (32.79,'Recuperação de Lesão','2019-03-02 17:49:17','2019-03-27 15:15:00',4,34,2,2,12);
INSERT INTO projetobd.Teste_Clinico VALUES (30.73,'Exame Biométrico','2019-07-14 15:09:41','2019-08-26 16:45:00',5,6,3,5,16);
INSERT INTO projetobd.UsoEquipamento VALUES (2,5,10);
INSERT INTO projetobd.UsoEquipamento VALUES (3,5,6);
INSERT INTO projetobd.Teste_Clinico VALUES (26.98,'Exame Fisico','2019-05-24 14:09:51','2019-07-05 12:30:00',6,31,2,2,4);
INSERT INTO projetobd.UsoEquipamento VALUES (4,6,4);
INSERT INTO projetobd.Teste_Clinico VALUES (28.07,'Exame Ectostópico','2019-11-14 09:03:08','2020-01-02 11:30:00',7,43,3,6,3);
INSERT INTO projetobd.Teste_Clinico VALUES (47.57,'Recuperação de Lesão','2019-04-15 15:05:30','2019-06-03 11:30:00',8,13,1,2,19);
INSERT INTO projetobd.Teste_Clinico VALUES (36.14,'Exame Biométrico','2019-09-05 10:27:31','2019-09-29 12:15:00',9,65,1,2,7);
INSERT INTO projetobd.Teste_Clinico VALUES (37.69,'Recuperação de Lesão','2020-01-01 16:58:49','2020-01-11 11:45:00',10,57,3,6,5);
INSERT INTO projetobd.Teste_Clinico VALUES (41.93,'Exame Oftalmologico','2019-12-06 09:26:02','2020-01-25 10:45:00',11,59,1,4,7);
INSERT INTO projetobd.UsoEquipamento VALUES (5,11,4);
INSERT INTO projetobd.UsoEquipamento VALUES (6,11,7);
INSERT INTO projetobd.Teste_Clinico VALUES (33.65,'Exame Biométrico','2019-11-29 11:08:04','2020-01-25 10:45:00',12,33,3,2,3);
INSERT INTO projetobd.Teste_Clinico VALUES (33.65,'Exame Fisico','2019-08-20 12:41:10','2019-09-29 18:00:00',13,45,2,2,7);
INSERT INTO projetobd.Teste_Clinico VALUES (31.94,'Exame Ectostópico','2019-06-12 15:26:43','2019-07-25 16:30:00',14,56,3,6,10);
INSERT INTO projetobd.Teste_Clinico VALUES (29.46,'Exame Oftalmologico','2019-10-30 13:05:09','2019-12-26 15:15:00',15,43,3,4,6);
INSERT INTO projetobd.UsoEquipamento VALUES (7,15,9);
INSERT INTO projetobd.Teste_Clinico VALUES (43.85,'Exame Otológico','2019-12-09 18:07:51','2020-02-05 17:00:00',16,18,3,6,17);
INSERT INTO projetobd.UsoEquipamento VALUES (8,16,7);
INSERT INTO projetobd.Teste_Clinico VALUES (28.69,'Exame Oftalmologico','2019-11-15 12:27:18','2019-12-20 15:45:00',17,19,2,4,19);
INSERT INTO projetobd.Teste_Clinico VALUES (25.67,'Avaliação das Capacidades Motoras','2019-04-06 12:39:02','2019-05-25 13:15:00',18,51,2,5,4);
INSERT INTO projetobd.UsoEquipamento VALUES (9,18,5);
INSERT INTO projetobd.Teste_Clinico VALUES (24.65,'Exame Oftalmologico','2019-12-02 10:31:27','2019-12-02 15:00:00',19,55,3,4,8);
INSERT INTO projetobd.Teste_Clinico VALUES (45.01,'Avaliação das Capacidades Motoras','2019-11-17 17:33:57','2019-12-25 11:00:00',20,74,3,5,2);
INSERT INTO projetobd.Teste_Clinico VALUES (31.19,'Recuperação de Lesão','2019-11-25 15:24:22','2019-12-04 17:30:00',21,25,2,6,11);
INSERT INTO projetobd.UsoEquipamento VALUES (10,21,1);
INSERT INTO projetobd.Teste_Clinico VALUES (34.26,'Exame Fisico','2019-12-11 18:06:41','2019-12-25 12:30:00',22,60,1,2,3);
INSERT INTO projetobd.Teste_Clinico VALUES (28.13,'Exame Otológico','2019-11-03 18:11:03','2019-11-28 16:45:00',23,43,3,6,2);
INSERT INTO projetobd.Teste_Clinico VALUES (27.95,'Exame Fisico','2019-11-19 13:07:43','2020-01-09 18:15:00',24,52,2,2,3);
INSERT INTO projetobd.UsoEquipamento VALUES (11,24,5);
INSERT INTO projetobd.Teste_Clinico VALUES (31.0,'Avaliação das Capacidades Motoras','2019-11-18 13:23:15','2019-12-20 12:30:00',25,33,2,5,20);
INSERT INTO projetobd.UsoEquipamento VALUES (12,25,6);
INSERT INTO projetobd.Teste_Clinico VALUES (30.99,'Avaliação das Capacidades Motoras','2019-10-27 14:31:24','2019-11-15 14:00:00',26,21,2,1,12);
INSERT INTO projetobd.Teste_Clinico VALUES (42.84,'Exame Biométrico','2019-06-23 13:23:52','2019-08-14 18:30:00',27,54,2,2,13);
INSERT INTO projetobd.Teste_Clinico VALUES (32.11,'Exame Oftalmologico','2019-05-19 18:01:16','2019-06-25 11:00:00',28,71,2,4,9);
INSERT INTO projetobd.Teste_Clinico VALUES (39.65,'Exame Biométrico','2019-10-19 10:35:54','2019-12-17 18:15:00',29,65,2,5,18);
INSERT INTO projetobd.Teste_Clinico VALUES (36.0,'Recuperação de Lesão','2019-12-12 09:39:47','2020-01-18 16:30:00',30,11,3,6,18);
INSERT INTO projetobd.Teste_Clinico VALUES (29.95,'Avaliação das Capacidades Motoras','2019-04-02 10:35:20','2019-05-01 17:45:00',31,54,3,5,9);
INSERT INTO projetobd.Teste_Clinico VALUES (29.67,'Avaliação das Capacidades Motoras','2019-12-14 15:55:49','2019-12-18 14:30:00',32,5,3,5,13);
INSERT INTO projetobd.Teste_Clinico VALUES (24.6,'Exame Fisico','2019-11-08 11:50:52','2019-11-25 11:00:00',33,71,2,2,2);
INSERT INTO projetobd.Teste_Clinico VALUES (42.83,'Exame Oftalmologico','2019-11-27 15:17:09','2019-12-22 11:00:00',34,49,3,4,19);
INSERT INTO projetobd.Teste_Clinico VALUES (46.08,'Exame Oftalmologico','2019-11-18 18:30:56','2019-12-20 12:45:00',35,8,1,4,5);
INSERT INTO projetobd.Teste_Clinico VALUES (47.44,'Avaliação das Capacidades Motoras','2019-12-08 16:29:39','2019-12-17 11:30:00',36,1,1,5,4);
INSERT INTO projetobd.UsoEquipamento VALUES (13,36,9);
INSERT INTO projetobd.UsoEquipamento VALUES (14,36,5);
INSERT INTO projetobd.Teste_Clinico VALUES (41.65,'Exame Biométrico','2019-08-27 10:19:09','2019-09-24 17:30:00',37,24,1,2,13);
INSERT INTO projetobd.Teste_Clinico VALUES (40.32,'Exame Biométrico','2019-12-12 17:17:08','2019-12-20 12:00:00',38,49,3,5,16);
INSERT INTO projetobd.Teste_Clinico VALUES (35.85,'Exame Oftalmologico','2019-11-21 12:16:08','2019-11-29 10:00:00',39,57,3,4,18);
INSERT INTO projetobd.Teste_Clinico VALUES (47.87,'Exame Biométrico','2019-12-12 09:31:11','2020-01-07 10:30:00',40,1,1,2,6);
INSERT INTO projetobd.UsoEquipamento VALUES (15,40,10);
INSERT INTO projetobd.Teste_Clinico VALUES (28.01,'Avaliação das Capacidades Motoras','2019-10-09 18:42:57','2019-11-04 10:15:00',41,53,1,5,19);
INSERT INTO projetobd.Teste_Clinico VALUES (38.44,'Exame Ectostópico','2019-11-26 16:21:37','2019-12-10 10:00:00',42,59,1,6,17);
INSERT INTO projetobd.Teste_Clinico VALUES (33.75,'Exame Fisico','2019-08-24 10:52:47','2019-10-01 13:15:00',43,23,3,2,13);
INSERT INTO projetobd.Teste_Clinico VALUES (25.29,'Recuperação de Lesão','2019-12-19 10:09:59','2019-12-26 14:15:00',44,14,1,3,15);
INSERT INTO projetobd.Teste_Clinico VALUES (31.78,'Exame Ectostópico','2019-02-13 18:33:21','2019-04-01 11:15:00',45,2,1,6,12);
INSERT INTO projetobd.UsoEquipamento VALUES (16,45,12);
INSERT INTO projetobd.Teste_Clinico VALUES (28.99,'Exame Oftalmologico','2019-12-27 16:13:55','2020-02-25 11:45:00',46,14,1,4,20);
INSERT INTO projetobd.UsoEquipamento VALUES (17,46,3);
INSERT INTO projetobd.Teste_Clinico VALUES (28.57,'Avaliação das Capacidades Motoras','2019-12-20 11:19:01','2020-01-15 11:00:00',47,14,2,1,19);
INSERT INTO projetobd.Teste_Clinico VALUES (29.65,'Exame Oftalmologico','2019-12-08 13:15:12','2019-12-14 10:45:00',48,8,2,4,3);
INSERT INTO projetobd.Teste_Clinico VALUES (47.13,'Exame Biométrico','2019-05-13 18:59:42','2019-07-05 16:45:00',49,13,3,2,19);
INSERT INTO projetobd.UsoEquipamento VALUES (18,49,5);
INSERT INTO projetobd.Teste_Clinico VALUES (45.34,'Exame Ectostópico','2019-05-13 18:25:07','2019-05-21 09:15:00',50,29,3,6,5);
INSERT INTO projetobd.UsoEquipamento VALUES (19,50,11);
INSERT INTO projetobd.Teste_Clinico VALUES (43.52,'Avaliação das Capacidades Motoras','2019-05-04 14:36:26','2019-05-06 15:00:00',51,51,2,1,19);
INSERT INTO projetobd.UsoEquipamento VALUES (20,51,12);
INSERT INTO projetobd.Teste_Clinico VALUES (32.05,'Avaliação das Capacidades Motoras','2020-01-03 17:25:59','2020-01-19 14:15:00',52,3,1,5,2);
INSERT INTO projetobd.Teste_Clinico VALUES (40.27,'Avaliação das Capacidades Motoras','2019-12-19 11:05:36','2019-12-24 15:45:00',53,69,3,5,7);
INSERT INTO projetobd.Teste_Clinico VALUES (24.63,'Recuperação de Lesão','2019-03-01 16:14:54','2019-03-15 10:45:00',54,15,3,5,1);
INSERT INTO projetobd.UsoEquipamento VALUES (21,54,12);
INSERT INTO projetobd.Teste_Clinico VALUES (46.59,'Exame Otológico','2019-12-21 12:19:06','2020-01-27 12:00:00',55,6,3,6,2);
INSERT INTO projetobd.Teste_Clinico VALUES (43.39,'Recuperação de Lesão','2019-11-18 17:33:29','2019-12-18 17:15:00',56,24,3,6,11);
INSERT INTO projetobd.UsoEquipamento VALUES (22,56,12);
INSERT INTO projetobd.Teste_Clinico VALUES (44.56,'Exame Biométrico','2019-09-08 15:47:16','2019-10-20 15:30:00',57,65,2,5,13);
INSERT INTO projetobd.Teste_Clinico VALUES (44.78,'Avaliação das Capacidades Motoras','2019-09-08 11:19:42','2019-10-04 10:00:00',58,69,2,5,19);
INSERT INTO projetobd.Teste_Clinico VALUES (31.58,'Exame Otológico','2019-12-19 13:21:19','2020-02-05 09:00:00',59,62,1,6,18);
INSERT INTO projetobd.Teste_Clinico VALUES (30.04,'Exame Otológico','2018-12-30 09:29:34','2019-02-21 09:00:00',60,9,3,6,14);
INSERT INTO projetobd.Teste_Clinico VALUES (46.11,'Exame Ectostópico','2019-06-06 10:08:03','2019-08-01 10:30:00',61,40,1,6,6);
INSERT INTO projetobd.UsoEquipamento VALUES (23,61,11);
INSERT INTO projetobd.Teste_Clinico VALUES (37.66,'Exame Oftalmologico','2019-12-07 09:36:48','2020-01-21 15:30:00',62,73,1,4,7);
INSERT INTO projetobd.UsoEquipamento VALUES (24,62,7);
INSERT INTO projetobd.UsoEquipamento VALUES (25,62,8);
INSERT INTO projetobd.Teste_Clinico VALUES (47.5,'Avaliação das Capacidades Motoras','2019-12-23 10:43:59','2020-02-10 16:15:00',63,4,2,1,20);
INSERT INTO projetobd.Teste_Clinico VALUES (35.25,'Exame Ectostópico','2019-10-01 10:36:38','2019-10-22 10:30:00',64,57,2,6,7);
INSERT INTO projetobd.Teste_Clinico VALUES (37.77,'Exame Fisico','2019-01-19 12:55:18','2019-03-05 16:15:00',65,6,3,2,15);
INSERT INTO projetobd.Teste_Clinico VALUES (33.68,'Avaliação das Capacidades Motoras','2019-09-18 13:56:57','2019-10-19 13:15:00',66,68,3,1,10);
INSERT INTO projetobd.Teste_Clinico VALUES (25.86,'Recuperação de Lesão','2019-10-16 14:19:06','2019-10-18 09:00:00',67,5,3,2,2);
INSERT INTO projetobd.UsoEquipamento VALUES (26,67,12);
INSERT INTO projetobd.Teste_Clinico VALUES (43.36,'Exame Otológico','2019-11-25 16:22:24','2019-12-20 09:00:00',68,56,2,6,20);
INSERT INTO projetobd.Teste_Clinico VALUES (27.95,'Exame Biométrico','2020-01-01 14:48:24','2020-02-20 09:15:00',69,17,2,5,16);
INSERT INTO projetobd.Teste_Clinico VALUES (37.96,'Exame Oftalmologico','2019-11-17 14:42:52','2020-01-09 11:00:00',70,9,3,4,11);
INSERT INTO projetobd.Teste_Clinico VALUES (42.48,'Exame Otológico','2019-10-10 16:04:31','2019-10-14 10:45:00',71,39,2,6,7);
INSERT INTO projetobd.Teste_Clinico VALUES (45.71,'Exame Fisico','2019-12-16 09:30:30','2020-01-14 11:00:00',72,65,2,2,20);
INSERT INTO projetobd.Teste_Clinico VALUES (33.18,'Exame Fisico','2019-11-09 13:43:08','2019-12-05 17:45:00',73,67,1,2,3);
INSERT INTO projetobd.Teste_Clinico VALUES (47.58,'Exame Ectostópico','2019-12-25 17:54:56','2020-01-15 13:15:00',74,44,1,6,11);
INSERT INTO projetobd.Teste_Clinico VALUES (24.19,'Exame Ectostópico','2019-12-22 12:39:57','2020-02-12 16:00:00',75,17,1,6,16);
INSERT INTO projetobd.UsoEquipamento VALUES (27,75,5);
INSERT INTO projetobd.Teste_Clinico VALUES (25.59,'Recuperação de Lesão','2019-08-17 17:55:42','2019-10-15 09:45:00',76,57,3,2,6);
INSERT INTO projetobd.Teste_Clinico VALUES (51.68,'Exame Fisico','2019-12-03 12:41:44','2019-12-22 11:15:00',77,11,1,2,19);
INSERT INTO projetobd.Teste_Clinico VALUES (28.92,'Exame Fisico','2019-12-24 09:13:22','2020-01-29 12:15:00',78,66,1,2,6);
INSERT INTO projetobd.Teste_Clinico VALUES (35.99,'Exame Biométrico','2019-11-02 10:53:22','2019-11-12 18:45:00',79,75,1,5,11);
INSERT INTO projetobd.UsoEquipamento VALUES (28,79,9);
INSERT INTO projetobd.Teste_Clinico VALUES (35.86,'Exame Oftalmologico','2019-09-19 10:18:57','2019-10-11 16:45:00',80,44,1,4,2);
INSERT INTO projetobd.Teste_Clinico VALUES (42.54,'Exame Fisico','2019-11-16 17:02:55','2019-11-17 13:00:00',81,13,2,2,16);
INSERT INTO projetobd.Teste_Clinico VALUES (41.62,'Exame Fisico','2019-09-12 14:17:17','2019-10-18 17:45:00',82,5,1,2,3);
INSERT INTO projetobd.UsoEquipamento VALUES (29,82,10);
INSERT INTO projetobd.Teste_Clinico VALUES (27.86,'Exame Otológico','2019-07-29 13:08:59','2019-09-04 16:30:00',83,34,2,6,19);
INSERT INTO projetobd.Teste_Clinico VALUES (36.21,'Avaliação das Capacidades Motoras','2019-10-19 15:53:22','2019-12-16 18:00:00',84,12,2,5,20);
INSERT INTO projetobd.Teste_Clinico VALUES (54.08,'Exame Biométrico','2019-11-28 15:56:36','2020-01-11 11:30:00',85,10,3,2,12);
INSERT INTO projetobd.Teste_Clinico VALUES (54.6,'Exame Oftalmologico','2019-02-14 15:57:48','2019-03-17 10:45:00',86,2,3,4,14);
INSERT INTO projetobd.UsoEquipamento VALUES (30,86,14);
INSERT INTO projetobd.Teste_Clinico VALUES (30.04,'Exame Biométrico','2019-11-26 15:24:02','2019-12-03 18:30:00',87,5,1,5,5);
INSERT INTO projetobd.UsoEquipamento VALUES (31,87,11);
INSERT INTO projetobd.Teste_Clinico VALUES (27.14,'Recuperação de Lesão','2019-10-21 13:28:46','2019-12-14 11:45:00',88,24,3,3,16);
INSERT INTO projetobd.Teste_Clinico VALUES (40.71,'Exame Oftalmologico','2019-10-13 13:37:35','2019-11-02 12:00:00',89,52,3,4,11);
INSERT INTO projetobd.UsoEquipamento VALUES (32,89,4);
INSERT INTO projetobd.Teste_Clinico VALUES (43.27,'Avaliação das Capacidades Motoras','2019-03-07 14:22:41','2019-05-04 10:00:00',90,48,1,1,15);
INSERT INTO projetobd.Teste_Clinico VALUES (33.38,'Exame Fisico','2019-07-26 11:43:08','2019-08-17 15:45:00',91,26,3,2,14);
INSERT INTO projetobd.UsoEquipamento VALUES (33,91,14);
INSERT INTO projetobd.Teste_Clinico VALUES (26.1,'Exame Oftalmologico','2019-12-27 12:24:26','2020-01-12 11:45:00',92,42,1,4,1);
INSERT INTO projetobd.Teste_Clinico VALUES (33.91,'Exame Biométrico','2019-12-28 18:09:52','2020-02-14 09:00:00',93,11,2,2,9);
INSERT INTO projetobd.Teste_Clinico VALUES (45.8,'Exame Biométrico','2019-04-16 18:31:42','2019-04-30 11:00:00',94,69,3,5,14);
INSERT INTO projetobd.Teste_Clinico VALUES (47.27,'Exame Ectostópico','2019-12-28 12:34:31','2020-02-01 15:45:00',95,47,2,6,11);
INSERT INTO projetobd.UsoEquipamento VALUES (34,95,6);
INSERT INTO projetobd.Teste_Clinico VALUES (26.6,'Recuperação de Lesão','2019-11-20 13:37:45','2019-11-30 11:45:00',96,30,2,2,17);
INSERT INTO projetobd.Teste_Clinico VALUES (25.68,'Recuperação de Lesão','2019-12-09 09:11:28','2019-12-09 10:45:00',97,8,3,5,1);
INSERT INTO projetobd.Teste_Clinico VALUES (24.13,'Exame Ectostópico','2019-12-12 12:16:46','2019-12-19 13:45:00',98,46,3,6,20);
INSERT INTO projetobd.Teste_Clinico VALUES (38.81,'Exame Otológico','2019-12-19 14:46:44','2019-12-20 10:30:00',99,37,1,6,16);
INSERT INTO projetobd.Teste_Clinico VALUES (39.47,'Avaliação das Capacidades Motoras','2019-02-07 12:20:40','2019-02-24 11:15:00',100,27,1,5,5);
INSERT INTO projetobd.UsoEquipamento VALUES (35,100,11);
INSERT INTO projetobd.Teste_Clinico VALUES (35.29,'Exame Oftalmologico','2019-10-13 15:58:02','2019-12-01 12:30:00',101,63,3,4,9);
INSERT INTO projetobd.UsoEquipamento VALUES (36,101,14);
INSERT INTO projetobd.UsoEquipamento VALUES (37,101,10);
INSERT INTO projetobd.Teste_Clinico VALUES (30.53,'Exame Fisico','2019-12-26 17:35:41','2020-01-04 14:15:00',102,14,2,2,13);
INSERT INTO projetobd.Teste_Clinico VALUES (42.39,'Exame Otológico','2019-12-01 09:09:28','2019-12-24 11:00:00',103,75,2,6,20);
INSERT INTO projetobd.UsoEquipamento VALUES (38,103,13);
INSERT INTO projetobd.UsoEquipamento VALUES (39,103,11);
INSERT INTO projetobd.Teste_Clinico VALUES (54.95,'Exame Oftalmologico','2019-11-10 15:37:04','2020-01-03 13:30:00',104,33,3,4,9);
INSERT INTO projetobd.UsoEquipamento VALUES (40,104,14);
INSERT INTO projetobd.Teste_Clinico VALUES (43.61,'Exame Ectostópico','2019-09-04 12:18:40','2019-09-16 14:45:00',105,48,1,6,7);
INSERT INTO projetobd.Teste_Clinico VALUES (28.82,'Avaliação das Capacidades Motoras','2019-09-04 14:09:23','2019-09-30 10:15:00',106,32,1,5,4);
INSERT INTO projetobd.Teste_Clinico VALUES (39.54,'Exame Biométrico','2019-12-17 12:00:35','2020-01-01 11:15:00',107,38,2,2,8);
INSERT INTO projetobd.Teste_Clinico VALUES (29.29,'Avaliação das Capacidades Motoras','2019-12-10 15:44:03','2020-01-11 18:45:00',108,1,1,1,1);
INSERT INTO projetobd.UsoEquipamento VALUES (41,108,13);
INSERT INTO projetobd.Teste_Clinico VALUES (24.01,'Recuperação de Lesão','2019-11-16 12:50:17','2019-12-27 13:45:00',109,72,3,6,10);
INSERT INTO projetobd.Teste_Clinico VALUES (34.8,'Exame Otológico','2019-12-02 11:13:48','2019-12-13 13:45:00',110,10,3,6,7);
INSERT INTO projetobd.Teste_Clinico VALUES (33.76,'Exame Ectostópico','2019-11-20 15:41:29','2020-01-01 17:15:00',111,58,3,6,2);
INSERT INTO projetobd.UsoEquipamento VALUES (42,111,4);
INSERT INTO projetobd.UsoEquipamento VALUES (43,111,5);
INSERT INTO projetobd.Teste_Clinico VALUES (37.62,'Exame Oftalmologico','2019-11-13 14:47:22','2019-11-29 11:15:00',112,39,1,4,9);
INSERT INTO projetobd.UsoEquipamento VALUES (44,112,7);
INSERT INTO projetobd.UsoEquipamento VALUES (45,112,7);
INSERT INTO projetobd.Teste_Clinico VALUES (30.06,'Exame Oftalmologico','2019-10-30 16:08:01','2019-11-05 17:45:00',113,65,1,4,6);
INSERT INTO projetobd.Teste_Clinico VALUES (42.37,'Exame Biométrico','2019-11-26 17:11:20','2019-12-08 14:15:00',114,30,1,5,16);
INSERT INTO projetobd.UsoEquipamento VALUES (46,114,8);
INSERT INTO projetobd.Teste_Clinico VALUES (41.51,'Recuperação de Lesão','2019-12-27 13:48:53','2020-02-02 13:15:00',115,52,3,2,15);
INSERT INTO projetobd.Teste_Clinico VALUES (25.21,'Exame Ectostópico','2018-10-15 14:01:43','2018-10-23 13:45:00',116,23,2,6,14);
INSERT INTO projetobd.Teste_Clinico VALUES (55.19,'Recuperação de Lesão','2019-11-17 14:56:32','2020-01-06 17:45:00',117,11,1,2,3);
INSERT INTO projetobd.Teste_Clinico VALUES (32.87,'Recuperação de Lesão','2019-12-08 16:36:50','2019-12-28 16:30:00',118,55,1,2,20);
INSERT INTO projetobd.Teste_Clinico VALUES (46.61,'Exame Ectostópico','2019-12-19 13:14:54','2020-01-14 14:00:00',119,66,3,6,12);
INSERT INTO projetobd.UsoEquipamento VALUES (47,119,10);
INSERT INTO projetobd.UsoEquipamento VALUES (48,119,8);
INSERT INTO projetobd.UsoEquipamento VALUES (49,119,5);
INSERT INTO projetobd.Teste_Clinico VALUES (28.44,'Exame Biométrico','2019-12-04 15:21:40','2020-01-24 10:45:00',120,20,1,2,20);
INSERT INTO projetobd.UsoEquipamento VALUES (50,120,1);
INSERT INTO projetobd.Teste_Clinico VALUES (39.68,'Avaliação das Capacidades Motoras','2019-11-16 11:01:08','2020-01-15 17:15:00',121,17,3,5,4);
INSERT INTO projetobd.Teste_Clinico VALUES (54.55,'Exame Fisico','2019-12-14 15:30:02','2019-12-19 09:45:00',122,39,1,2,4);
INSERT INTO projetobd.Teste_Clinico VALUES (43.11,'Exame Oftalmologico','2019-11-19 09:41:10','2020-01-18 13:00:00',123,18,2,4,13);
INSERT INTO projetobd.UsoEquipamento VALUES (51,123,11);
INSERT INTO projetobd.Teste_Clinico VALUES (36.58,'Recuperação de Lesão','2019-09-01 10:36:13','2019-09-13 18:45:00',124,51,3,5,7);
INSERT INTO projetobd.Teste_Clinico VALUES (45.54,'Exame Biométrico','2019-10-23 13:23:34','2019-11-08 09:30:00',125,51,1,2,8);
INSERT INTO projetobd.UsoEquipamento VALUES (52,125,1);
INSERT INTO projetobd.Teste_Clinico VALUES (34.9,'Exame Otológico','2019-08-24 11:44:10','2019-10-11 15:45:00',126,38,1,6,7);
INSERT INTO projetobd.Teste_Clinico VALUES (40.69,'Recuperação de Lesão','2019-12-26 15:38:40','2020-02-21 09:30:00',127,47,1,3,9);
INSERT INTO projetobd.Teste_Clinico VALUES (31.57,'Exame Fisico','2019-11-24 11:14:00','2019-12-04 12:30:00',128,3,2,2,3);
INSERT INTO projetobd.UsoEquipamento VALUES (53,128,10);
INSERT INTO projetobd.Teste_Clinico VALUES (54.33,'Exame Oftalmologico','2019-12-13 14:45:33','2019-12-14 17:00:00',129,33,3,4,13);
INSERT INTO projetobd.Teste_Clinico VALUES (41.01,'Avaliação das Capacidades Motoras','2019-09-24 10:06:42','2019-10-13 14:00:00',130,56,3,5,9);
INSERT INTO projetobd.UsoEquipamento VALUES (54,130,2);
INSERT INTO projetobd.Teste_Clinico VALUES (43.57,'Recuperação de Lesão','2019-01-30 17:37:07','2019-03-01 14:30:00',131,44,1,5,14);
INSERT INTO projetobd.UsoEquipamento VALUES (55,131,14);
INSERT INTO projetobd.Teste_Clinico VALUES (38.04,'Exame Biométrico','2019-10-19 16:20:44','2019-11-23 13:00:00',132,25,1,2,5);
INSERT INTO projetobd.Teste_Clinico VALUES (34.06,'Exame Fisico','2019-12-25 18:41:28','2020-01-15 16:15:00',133,43,2,2,5);
INSERT INTO projetobd.Teste_Clinico VALUES (27.18,'Exame Ectostópico','2019-12-24 16:38:11','2020-02-07 10:45:00',134,42,2,6,5);
INSERT INTO projetobd.Teste_Clinico VALUES (40.79,'Exame Oftalmologico','2019-12-19 17:57:40','2020-01-16 18:15:00',135,21,3,4,2);
INSERT INTO projetobd.UsoEquipamento VALUES (56,135,14);
INSERT INTO projetobd.Teste_Clinico VALUES (28.09,'Exame Biométrico','2019-11-06 11:47:40','2019-12-01 09:15:00',136,48,2,5,20);
INSERT INTO projetobd.Teste_Clinico VALUES (39.12,'Avaliação das Capacidades Motoras','2019-11-12 09:43:37','2020-01-08 15:15:00',137,55,3,5,3);
INSERT INTO projetobd.UsoEquipamento VALUES (57,137,14);
INSERT INTO projetobd.Teste_Clinico VALUES (43.67,'Exame Ectostópico','2019-05-31 15:57:25','2019-06-27 14:00:00',138,44,3,6,5);
INSERT INTO projetobd.Teste_Clinico VALUES (25.51,'Exame Fisico','2019-02-02 17:50:29','2019-02-26 14:00:00',139,71,3,2,16);
INSERT INTO projetobd.Teste_Clinico VALUES (29.26,'Exame Oftalmologico','2019-11-04 18:57:35','2019-11-17 17:30:00',140,56,2,4,6);
INSERT INTO projetobd.Teste_Clinico VALUES (24.82,'Exame Otológico','2019-12-31 10:45:11','2019-12-31 18:15:00',141,6,2,6,2);
INSERT INTO projetobd.UsoEquipamento VALUES (58,141,5);
INSERT INTO projetobd.UsoEquipamento VALUES (59,141,4);
INSERT INTO projetobd.UsoEquipamento VALUES (60,141,6);
INSERT INTO projetobd.Teste_Clinico VALUES (29.64,'Exame Oftalmologico','2019-11-13 13:02:49','2019-12-01 17:15:00',142,3,3,4,19);
INSERT INTO projetobd.Teste_Clinico VALUES (42.86,'Exame Otológico','2019-12-24 14:07:37','2020-01-01 18:15:00',143,56,3,6,12);
INSERT INTO projetobd.UsoEquipamento VALUES (61,143,10);
INSERT INTO projetobd.Teste_Clinico VALUES (26.57,'Exame Biométrico','2019-11-25 13:55:16','2019-12-04 16:15:00',144,21,3,5,11);
INSERT INTO projetobd.Teste_Clinico VALUES (33.23,'Recuperação de Lesão','2020-01-01 09:45:41','2020-01-27 11:30:00',145,55,2,5,18);
INSERT INTO projetobd.Teste_Clinico VALUES (34.69,'Exame Fisico','2020-01-01 13:17:37','2020-02-15 16:00:00',146,60,1,2,11);
INSERT INTO projetobd.Teste_Clinico VALUES (47.52,'Exame Ectostópico','2019-09-06 10:12:21','2019-10-27 10:15:00',147,4,2,6,3);
INSERT INTO projetobd.UsoEquipamento VALUES (62,147,7);
INSERT INTO projetobd.Teste_Clinico VALUES (36.75,'Exame Biométrico','2019-12-07 11:15:23','2020-01-26 15:45:00',148,57,1,5,8);
INSERT INTO projetobd.Teste_Clinico VALUES (41.74,'Exame Biométrico','2019-08-10 13:41:28','2019-10-08 11:45:00',149,40,3,2,12);
INSERT INTO projetobd.UsoEquipamento VALUES (63,149,1);
INSERT INTO projetobd.UsoEquipamento VALUES (64,149,8);
INSERT INTO projetobd.Teste_Clinico VALUES (41.2,'Exame Biométrico','2019-02-07 16:06:49','2019-03-26 09:30:00',150,44,1,5,14);
INSERT INTO projetobd.UsoEquipamento VALUES (65,150,11);
INSERT INTO projetobd.Teste_Clinico VALUES (42.42,'Recuperação de Lesão','2019-06-14 16:31:39','2019-06-20 15:00:00',151,6,2,3,16);
INSERT INTO projetobd.UsoEquipamento VALUES (66,151,11);
INSERT INTO projetobd.Teste_Clinico VALUES (41.33,'Exame Fisico','2019-12-15 15:51:46','2019-12-27 13:30:00',152,3,2,2,2);
INSERT INTO projetobd.Teste_Clinico VALUES (37.6,'Exame Otológico','2019-12-04 16:37:46','2020-01-10 10:45:00',153,13,2,6,20);
INSERT INTO projetobd.Teste_Clinico VALUES (44.65,'Recuperação de Lesão','2019-01-20 13:21:22','2019-01-31 16:30:00',154,6,3,2,16);
INSERT INTO projetobd.UsoEquipamento VALUES (67,154,13);
INSERT INTO projetobd.Teste_Clinico VALUES (28.61,'Exame Oftalmologico','2019-11-24 09:07:02','2019-12-01 15:15:00',155,60,1,4,14);
INSERT INTO projetobd.Teste_Clinico VALUES (28.63,'Avaliação das Capacidades Motoras','2019-09-05 09:27:20','2019-09-26 13:30:00',156,38,2,1,3);
INSERT INTO projetobd.Teste_Clinico VALUES (32.85,'Recuperação de Lesão','2019-08-06 13:01:11','2019-09-16 10:45:00',157,27,1,6,12);
INSERT INTO projetobd.Teste_Clinico VALUES (47.42,'Recuperação de Lesão','2019-12-25 11:34:44','2020-01-31 15:30:00',158,8,2,6,2);
INSERT INTO projetobd.UsoEquipamento VALUES (68,158,4);
INSERT INTO projetobd.Teste_Clinico VALUES (24.21,'Exame Oftalmologico','2019-10-16 13:02:09','2019-11-25 16:15:00',159,4,1,4,6);
INSERT INTO projetobd.UsoEquipamento VALUES (69,159,2);
INSERT INTO projetobd.UsoEquipamento VALUES (70,159,5);
INSERT INTO projetobd.Teste_Clinico VALUES (39.88,'Exame Ectostópico','2019-09-30 12:36:02','2019-10-29 09:15:00',160,56,1,6,2);
INSERT INTO projetobd.Teste_Clinico VALUES (34.45,'Exame Ectostópico','2019-11-15 09:01:58','2019-12-04 12:45:00',161,49,1,6,15);
INSERT INTO projetobd.Teste_Clinico VALUES (43.4,'Exame Otológico','2019-11-15 16:23:30','2019-11-23 14:15:00',162,3,2,6,11);
INSERT INTO projetobd.Teste_Clinico VALUES (32.37,'Exame Oftalmologico','2019-06-01 10:27:48','2019-07-07 18:30:00',163,15,1,4,3);
INSERT INTO projetobd.Teste_Clinico VALUES (30.01,'Recuperação de Lesão','2019-11-30 16:29:27','2020-01-26 10:30:00',164,19,1,5,13);
INSERT INTO projetobd.UsoEquipamento VALUES (71,164,9);
INSERT INTO projetobd.Teste_Clinico VALUES (28.59,'Recuperação de Lesão','2019-12-08 18:19:52','2019-12-17 16:45:00',165,63,3,2,7);
INSERT INTO projetobd.UsoEquipamento VALUES (72,165,4);
INSERT INTO projetobd.Teste_Clinico VALUES (44.59,'Exame Ectostópico','2020-01-02 11:33:03','2020-01-06 09:15:00',166,34,1,6,7);
INSERT INTO projetobd.Teste_Clinico VALUES (31.71,'Exame Otológico','2019-10-21 09:06:40','2019-10-30 09:30:00',167,4,1,6,3);
INSERT INTO projetobd.Teste_Clinico VALUES (47.05,'Exame Otológico','2019-07-17 18:52:28','2019-08-16 10:15:00',168,9,3,6,18);
INSERT INTO projetobd.Teste_Clinico VALUES (46.43,'Exame Biométrico','2019-12-05 12:06:02','2019-12-05 11:30:00',169,73,2,5,14);
INSERT INTO projetobd.Teste_Clinico VALUES (42.67,'Avaliação das Capacidades Motoras','2019-10-27 11:13:34','2019-11-25 17:00:00',170,58,3,5,14);
INSERT INTO projetobd.UsoEquipamento VALUES (73,170,13);
INSERT INTO projetobd.Teste_Clinico VALUES (26.66,'Exame Ectostópico','2019-12-10 16:13:21','2020-01-16 15:30:00',171,58,2,6,3);
INSERT INTO projetobd.Teste_Clinico VALUES (27.82,'Exame Biométrico','2019-11-07 14:43:32','2019-11-10 18:00:00',172,7,2,2,10);
INSERT INTO projetobd.Teste_Clinico VALUES (24.78,'Exame Ectostópico','2019-12-16 12:19:19','2019-12-23 15:30:00',173,17,3,6,15);
INSERT INTO projetobd.Teste_Clinico VALUES (34.09,'Recuperação de Lesão','2019-11-22 13:29:14','2020-01-12 18:00:00',174,18,3,6,8);
INSERT INTO projetobd.Teste_Clinico VALUES (43.71,'Exame Ectostópico','2019-12-24 12:21:41','2020-02-18 17:30:00',175,70,1,6,13);
INSERT INTO projetobd.UsoEquipamento VALUES (74,175,7);
INSERT INTO projetobd.UsoEquipamento VALUES (75,175,7);
INSERT INTO projetobd.Teste_Clinico VALUES (37.58,'Exame Oftalmologico','2019-10-04 17:09:29','2019-10-29 14:30:00',176,40,1,4,4);
INSERT INTO projetobd.Teste_Clinico VALUES (41.91,'Recuperação de Lesão','2019-01-06 15:31:03','2019-01-23 14:30:00',177,50,3,6,18);
INSERT INTO projetobd.Teste_Clinico VALUES (46.88,'Exame Ectostópico','2019-10-16 15:28:57','2019-11-08 18:00:00',178,53,2,6,13);
INSERT INTO projetobd.Teste_Clinico VALUES (46.87,'Exame Biométrico','2019-12-20 11:23:36','2020-01-21 17:15:00',179,64,1,2,11);
INSERT INTO projetobd.Teste_Clinico VALUES (52.46,'Exame Biométrico','2019-11-19 09:31:53','2019-11-21 16:45:00',180,33,3,5,12);
INSERT INTO projetobd.Teste_Clinico VALUES (39.77,'Exame Ectostópico','2019-10-30 14:20:14','2019-11-08 15:45:00',181,52,1,6,16);
INSERT INTO projetobd.UsoEquipamento VALUES (76,181,8);
INSERT INTO projetobd.Teste_Clinico VALUES (38.34,'Exame Fisico','2020-01-01 11:43:35','2020-02-20 18:15:00',182,74,2,2,11);
INSERT INTO projetobd.Teste_Clinico VALUES (46.59,'Recuperação de Lesão','2019-11-24 16:47:24','2019-12-22 11:30:00',183,1,1,3,12);
INSERT INTO projetobd.Teste_Clinico VALUES (31.9,'Exame Fisico','2019-12-14 16:43:25','2020-01-02 17:15:00',184,44,3,2,13);
INSERT INTO projetobd.Teste_Clinico VALUES (32.5,'Exame Biométrico','2019-09-17 15:30:28','2019-11-11 13:15:00',185,22,1,2,4);
INSERT INTO projetobd.UsoEquipamento VALUES (77,185,6);
INSERT INTO projetobd.Teste_Clinico VALUES (50.5,'Exame Fisico','2019-11-21 10:20:24','2019-12-17 13:45:00',186,2,3,2,14);
INSERT INTO projetobd.Teste_Clinico VALUES (32.74,'Exame Ectostópico','2019-11-08 16:44:17','2020-01-05 13:45:00',187,22,3,6,16);
INSERT INTO projetobd.Teste_Clinico VALUES (47.57,'Exame Otológico','2019-10-02 15:32:26','2019-11-28 13:00:00',188,4,2,6,16);
INSERT INTO projetobd.UsoEquipamento VALUES (78,188,8);
INSERT INTO projetobd.UsoEquipamento VALUES (79,188,11);
INSERT INTO projetobd.UsoEquipamento VALUES (80,188,12);
INSERT INTO projetobd.UsoEquipamento VALUES (81,188,12);
INSERT INTO projetobd.Teste_Clinico VALUES (32.45,'Recuperação de Lesão','2019-11-18 16:13:47','2020-01-06 09:30:00',189,8,2,6,2);
INSERT INTO projetobd.Teste_Clinico VALUES (28.66,'Exame Oftalmologico','2019-12-29 16:00:06','2020-02-17 16:30:00',190,8,3,4,15);
INSERT INTO projetobd.UsoEquipamento VALUES (82,190,7);
INSERT INTO projetobd.Teste_Clinico VALUES (29.26,'Exame Ectostópico','2019-12-14 17:17:27','2019-12-24 09:00:00',191,59,2,6,10);
INSERT INTO projetobd.Teste_Clinico VALUES (24.28,'Recuperação de Lesão','2019-08-21 18:09:40','2019-09-07 14:00:00',192,34,1,3,1);
INSERT INTO projetobd.UsoEquipamento VALUES (83,192,8);
INSERT INTO projetobd.Teste_Clinico VALUES (36.11,'Exame Biométrico','2018-12-07 17:11:19','2019-01-15 15:45:00',193,9,1,5,16);
INSERT INTO projetobd.Teste_Clinico VALUES (33.77,'Recuperação de Lesão','2020-01-03 13:51:03','2020-02-27 09:15:00',194,62,3,5,12);
INSERT INTO projetobd.UsoEquipamento VALUES (84,194,12);
INSERT INTO projetobd.Teste_Clinico VALUES (43.25,'Avaliação das Capacidades Motoras','2019-12-31 12:45:35','2020-01-02 13:45:00',195,18,2,5,15);
INSERT INTO projetobd.UsoEquipamento VALUES (85,195,13);
INSERT INTO projetobd.Teste_Clinico VALUES (43.83,'Recuperação de Lesão','2019-02-03 15:54:56','2019-02-05 09:45:00',196,23,3,3,6);
INSERT INTO projetobd.UsoEquipamento VALUES (86,196,1);
INSERT INTO projetobd.UsoEquipamento VALUES (87,196,1);
INSERT INTO projetobd.Teste_Clinico VALUES (45.04,'Exame Biométrico','2019-12-14 09:26:53','2020-02-07 12:30:00',197,60,2,2,19);
INSERT INTO projetobd.UsoEquipamento VALUES (88,197,6);
INSERT INTO projetobd.Teste_Clinico VALUES (47.57,'Exame Oftalmologico','2019-04-03 16:54:09','2019-05-10 18:15:00',198,70,2,4,19);
INSERT INTO projetobd.Teste_Clinico VALUES (25.43,'Avaliação das Capacidades Motoras','2018-11-18 17:28:04','2018-12-18 17:00:00',199,23,3,5,14);
INSERT INTO projetobd.UsoEquipamento VALUES (89,199,4);
INSERT INTO projetobd.Teste_Clinico VALUES (28.52,'Exame Ectostópico','2019-10-28 18:26:24','2019-11-23 16:45:00',200,55,3,6,16);
INSERT INTO projetobd.UsoEquipamento VALUES (90,200,6);
INSERT INTO projetobd.Teste_Clinico VALUES (26.3,'Exame Otológico','2019-12-25 16:10:38','2019-12-30 11:15:00',201,72,1,6,4);
INSERT INTO projetobd.Teste_Clinico VALUES (36.57,'Exame Biométrico','2019-08-28 18:54:27','2019-10-17 16:30:00',202,54,1,2,4);
INSERT INTO projetobd.UsoEquipamento VALUES (91,202,7);
INSERT INTO projetobd.Teste_Clinico VALUES (40.53,'Exame Fisico','2019-12-31 18:11:36','2020-01-20 13:45:00',203,40,3,2,2);
INSERT INTO projetobd.Teste_Clinico VALUES (35.73,'Exame Ectostópico','2019-11-27 10:06:19','2019-12-03 14:30:00',204,74,2,6,20);
INSERT INTO projetobd.Teste_Clinico VALUES (34.94,'Recuperação de Lesão','2019-10-26 18:43:17','2019-12-18 12:45:00',205,71,2,2,2);
INSERT INTO projetobd.Teste_Clinico VALUES (37.14,'Exame Fisico','2019-11-09 17:18:21','2019-12-16 09:30:00',206,39,3,2,10);
INSERT INTO projetobd.Teste_Clinico VALUES (42.11,'Exame Oftalmologico','2019-09-11 12:48:52','2019-11-06 17:00:00',207,40,3,4,9);
INSERT INTO projetobd.Teste_Clinico VALUES (34.32,'Exame Ectostópico','2019-11-05 17:14:01','2019-12-08 12:00:00',208,47,3,6,13);
INSERT INTO projetobd.UsoEquipamento VALUES (92,208,7);
INSERT INTO projetobd.UsoEquipamento VALUES (93,208,6);
INSERT INTO projetobd.Teste_Clinico VALUES (37.11,'Exame Fisico','2019-12-15 15:41:58','2020-01-08 18:45:00',209,14,2,2,7);
INSERT INTO projetobd.Teste_Clinico VALUES (27.33,'Exame Otológico','2019-09-07 16:58:06','2019-10-28 16:15:00',210,16,3,6,9);
INSERT INTO projetobd.Teste_Clinico VALUES (46.49,'Avaliação das Capacidades Motoras','2019-12-04 13:14:36','2019-12-21 14:00:00',211,52,2,1,14);
INSERT INTO projetobd.Teste_Clinico VALUES (28.45,'Exame Biométrico','2019-09-13 10:48:58','2019-10-12 11:45:00',212,15,2,5,13);
INSERT INTO projetobd.Teste_Clinico VALUES (36.19,'Exame Ectostópico','2019-10-28 18:29:31','2019-11-12 16:00:00',213,24,2,6,8);
INSERT INTO projetobd.Teste_Clinico VALUES (29.45,'Exame Oftalmologico','2019-11-08 16:02:27','2019-12-13 17:45:00',214,58,2,4,1);
INSERT INTO projetobd.Teste_Clinico VALUES (36.91,'Exame Fisico','2019-12-02 15:58:08','2019-12-23 17:45:00',215,61,2,2,12);
INSERT INTO projetobd.UsoEquipamento VALUES (94,215,6);
INSERT INTO projetobd.Teste_Clinico VALUES (47.94,'Exame Biométrico','2019-12-03 13:45:39','2019-12-28 11:00:00',216,17,2,5,18);
INSERT INTO projetobd.Teste_Clinico VALUES (29.14,'Exame Oftalmologico','2019-11-16 10:36:32','2020-01-04 12:45:00',217,59,3,4,19);
INSERT INTO projetobd.UsoEquipamento VALUES (95,217,6);
INSERT INTO projetobd.Teste_Clinico VALUES (35.45,'Exame Oftalmologico','2019-12-04 15:27:24','2019-12-25 17:15:00',218,34,1,4,17);
INSERT INTO projetobd.Teste_Clinico VALUES (38.98,'Avaliação das Capacidades Motoras','2019-09-16 16:25:32','2019-11-05 17:00:00',219,64,3,1,7);
INSERT INTO projetobd.UsoEquipamento VALUES (96,219,7);
INSERT INTO projetobd.Teste_Clinico VALUES (40.53,'Recuperação de Lesão','2019-12-27 14:04:13','2020-02-18 09:00:00',220,56,2,2,20);
INSERT INTO projetobd.Teste_Clinico VALUES (38.18,'Recuperação de Lesão','2019-12-29 18:47:17','2020-02-10 14:30:00',221,21,3,2,1);
INSERT INTO projetobd.Teste_Clinico VALUES (33.16,'Exame Otológico','2019-06-20 12:27:53','2019-07-13 16:00:00',222,51,2,6,9);
INSERT INTO projetobd.Teste_Clinico VALUES (32.3,'Exame Biométrico','2019-01-10 10:28:33','2019-03-03 17:45:00',223,45,3,2,14);
INSERT INTO projetobd.Teste_Clinico VALUES (40.9,'Exame Otológico','2019-06-11 15:57:49','2019-07-18 13:15:00',224,29,1,6,5);
INSERT INTO projetobd.Teste_Clinico VALUES (31.15,'Exame Fisico','2019-11-11 12:05:14','2019-12-11 13:15:00',225,59,3,2,8);
INSERT INTO projetobd.Teste_Clinico VALUES (34.97,'Exame Fisico','2019-11-19 15:21:32','2019-11-26 18:15:00',226,59,1,2,18);
INSERT INTO projetobd.UsoEquipamento VALUES (97,226,12);
INSERT INTO projetobd.UsoEquipamento VALUES (98,226,2);
INSERT INTO projetobd.Teste_Clinico VALUES (33.95,'Exame Biométrico','2019-11-21 14:53:07','2019-12-29 12:00:00',227,23,1,2,17);
INSERT INTO projetobd.Teste_Clinico VALUES (30.28,'Exame Biométrico','2019-04-27 17:17:32','2019-06-17 09:00:00',228,29,3,5,5);
INSERT INTO projetobd.Teste_Clinico VALUES (53.78,'Recuperação de Lesão','2020-01-02 16:54:16','2020-01-13 14:30:00',229,11,2,2,2);
INSERT INTO projetobd.UsoEquipamento VALUES (99,229,11);
INSERT INTO projetobd.Teste_Clinico VALUES (46.27,'Exame Ectostópico','2019-05-08 11:51:26','2019-06-25 10:00:00',230,27,3,6,5);
INSERT INTO projetobd.Teste_Clinico VALUES (33.98,'Exame Otológico','2019-10-25 14:49:31','2019-11-22 13:30:00',231,12,2,6,6);
INSERT INTO projetobd.UsoEquipamento VALUES (100,231,7);
INSERT INTO projetobd.Teste_Clinico VALUES (30.64,'Exame Biométrico','2019-07-31 18:53:55','2019-09-23 10:30:00',232,51,3,5,15);
INSERT INTO projetobd.Teste_Clinico VALUES (42.94,'Exame Otológico','2019-09-13 15:59:11','2019-10-04 16:45:00',233,16,2,6,7);
INSERT INTO projetobd.Teste_Clinico VALUES (24.26,'Exame Oftalmologico','2019-12-15 14:02:26','2020-02-03 18:30:00',234,14,3,4,3);
INSERT INTO projetobd.UsoEquipamento VALUES (101,234,14);
INSERT INTO projetobd.Teste_Clinico VALUES (44.62,'Exame Otológico','2019-12-20 10:36:19','2019-12-23 10:15:00',235,66,1,6,11);
INSERT INTO projetobd.Teste_Clinico VALUES (40.21,'Exame Biométrico','2019-08-29 12:14:37','2019-10-18 11:45:00',236,40,1,2,9);
INSERT INTO projetobd.UsoEquipamento VALUES (102,236,14);
INSERT INTO projetobd.Teste_Clinico VALUES (39.49,'Recuperação de Lesão','2019-11-06 14:00:39','2019-11-17 11:30:00',237,21,2,5,5);
INSERT INTO projetobd.Teste_Clinico VALUES (44.0,'Exame Oftalmologico','2019-12-19 15:08:09','2019-12-27 10:00:00',238,75,3,4,20);
INSERT INTO projetobd.Teste_Clinico VALUES (44.63,'Exame Otológico','2019-03-26 17:09:04','2019-05-25 11:15:00',239,41,2,6,3);
INSERT INTO projetobd.Teste_Clinico VALUES (28.65,'Exame Ectostópico','2019-11-20 18:58:13','2020-01-03 15:15:00',240,52,3,6,13);
INSERT INTO projetobd.Teste_Clinico VALUES (46.71,'Exame Ectostópico','2019-12-18 13:59:11','2019-12-19 12:15:00',241,38,1,6,13);
INSERT INTO projetobd.Teste_Clinico VALUES (40.38,'Exame Oftalmologico','2019-11-20 10:18:32','2019-12-17 17:30:00',242,46,1,4,20);
INSERT INTO projetobd.UsoEquipamento VALUES (103,242,6);
INSERT INTO projetobd.Teste_Clinico VALUES (42.78,'Exame Fisico','2019-11-24 09:31:21','2019-12-15 10:45:00',243,25,2,2,15);
INSERT INTO projetobd.Teste_Clinico VALUES (42.64,'Exame Otológico','2019-11-13 11:58:51','2020-01-01 17:45:00',244,58,3,6,12);
INSERT INTO projetobd.UsoEquipamento VALUES (104,244,5);
INSERT INTO projetobd.UsoEquipamento VALUES (105,244,6);
INSERT INTO projetobd.UsoEquipamento VALUES (106,244,5);
INSERT INTO projetobd.Teste_Clinico VALUES (31.69,'Exame Ectostópico','2019-08-05 10:33:45','2019-09-22 17:15:00',245,53,2,6,15);
INSERT INTO projetobd.UsoEquipamento VALUES (107,245,13);
INSERT INTO projetobd.Teste_Clinico VALUES (36.16,'Recuperação de Lesão','2019-11-25 15:38:47','2020-01-01 14:00:00',246,70,1,5,19);
INSERT INTO projetobd.UsoEquipamento VALUES (108,246,7);
INSERT INTO projetobd.Teste_Clinico VALUES (24.71,'Exame Biométrico','2019-03-24 11:50:08','2019-05-15 18:15:00',247,54,2,5,4);
INSERT INTO projetobd.Teste_Clinico VALUES (45.53,'Avaliação das Capacidades Motoras','2019-02-09 16:21:39','2019-03-28 16:00:00',248,34,2,1,1);
INSERT INTO projetobd.UsoEquipamento VALUES (109,248,4);
INSERT INTO projetobd.Teste_Clinico VALUES (38.57,'Recuperação de Lesão','2019-12-04 11:10:50','2019-12-31 15:45:00',249,69,2,2,20);
INSERT INTO projetobd.Teste_Clinico VALUES (34.37,'Avaliação das Capacidades Motoras','2019-12-06 15:55:57','2020-01-17 10:15:00',250,73,2,1,12);
INSERT INTO projetobd.Teste_Clinico VALUES (40.46,'Exame Otológico','2019-12-15 15:33:33','2020-01-15 15:15:00',251,70,2,6,17);
INSERT INTO projetobd.Teste_Clinico VALUES (33.57,'Avaliação das Capacidades Motoras','2019-08-22 10:13:35','2019-10-03 15:45:00',252,71,3,1,7);
INSERT INTO projetobd.UsoEquipamento VALUES (110,252,1);
INSERT INTO projetobd.Teste_Clinico VALUES (28.87,'Exame Otológico','2019-03-04 10:20:44','2019-04-05 10:30:00',253,44,2,6,6);
INSERT INTO projetobd.Teste_Clinico VALUES (33.03,'Exame Ectostópico','2019-11-11 10:26:17','2019-12-16 17:00:00',254,58,3,6,18);
INSERT INTO projetobd.Teste_Clinico VALUES (41.37,'Exame Biométrico','2018-11-25 14:11:34','2019-01-10 12:45:00',255,54,3,2,19);
INSERT INTO projetobd.UsoEquipamento VALUES (111,255,14);
INSERT INTO projetobd.UsoEquipamento VALUES (112,255,6);
INSERT INTO projetobd.Teste_Clinico VALUES (41.64,'Exame Ectostópico','2019-07-12 18:06:28','2019-08-29 13:30:00',256,7,3,6,4);
INSERT INTO projetobd.UsoEquipamento VALUES (113,256,5);
INSERT INTO projetobd.Teste_Clinico VALUES (27.1,'Recuperação de Lesão','2019-02-22 13:19:16','2019-04-08 14:00:00',257,6,1,5,1);
INSERT INTO projetobd.UsoEquipamento VALUES (114,257,10);
INSERT INTO projetobd.UsoEquipamento VALUES (115,257,9);
INSERT INTO projetobd.Teste_Clinico VALUES (42.34,'Recuperação de Lesão','2019-12-21 14:19:46','2020-02-10 16:15:00',258,22,3,6,1);
INSERT INTO projetobd.Teste_Clinico VALUES (38.82,'Recuperação de Lesão','2019-05-28 15:49:44','2019-06-28 13:45:00',259,51,2,2,3);
INSERT INTO projetobd.UsoEquipamento VALUES (116,259,2);
INSERT INTO projetobd.Teste_Clinico VALUES (46.9,'Recuperação de Lesão','2019-12-30 10:57:52','2020-01-06 17:45:00',260,17,2,5,1);
INSERT INTO projetobd.Teste_Clinico VALUES (39.91,'Exame Ectostópico','2019-12-15 17:33:50','2019-12-22 16:00:00',261,37,2,6,6);
INSERT INTO projetobd.UsoEquipamento VALUES (117,261,3);
INSERT INTO projetobd.UsoEquipamento VALUES (118,261,10);
INSERT INTO projetobd.Teste_Clinico VALUES (28.16,'Exame Ectostópico','2019-12-07 13:46:46','2019-12-17 14:30:00',262,18,1,6,19);
INSERT INTO projetobd.Teste_Clinico VALUES (59.51,'Exame Biométrico','2019-12-11 12:59:44','2019-12-28 18:45:00',263,10,3,2,12);
INSERT INTO projetobd.UsoEquipamento VALUES (119,263,7);
INSERT INTO projetobd.Teste_Clinico VALUES (45.01,'Exame Ectostópico','2019-09-14 17:05:01','2019-11-08 11:00:00',264,5,3,6,13);
INSERT INTO projetobd.Teste_Clinico VALUES (43.23,'Exame Ectostópico','2019-12-07 15:03:53','2019-12-18 15:45:00',265,5,1,6,9);
INSERT INTO projetobd.Teste_Clinico VALUES (26.09,'Avaliação das Capacidades Motoras','2019-11-20 09:42:08','2020-01-19 18:30:00',266,69,3,5,8);
INSERT INTO projetobd.Teste_Clinico VALUES (38.24,'Exame Biométrico','2019-11-18 09:03:06','2019-12-26 14:30:00',267,32,2,2,18);
INSERT INTO projetobd.Teste_Clinico VALUES (32.11,'Recuperação de Lesão','2019-05-19 10:01:05','2019-06-29 16:30:00',268,26,3,6,5);
INSERT INTO projetobd.Teste_Clinico VALUES (39.76,'Exame Fisico','2019-12-24 15:26:19','2020-01-21 09:30:00',269,9,2,2,4);
INSERT INTO projetobd.Teste_Clinico VALUES (41.31,'Recuperação de Lesão','2019-11-23 09:07:49','2019-12-30 17:30:00',270,70,1,6,11);
INSERT INTO projetobd.UsoEquipamento VALUES (120,270,10);
INSERT INTO projetobd.Teste_Clinico VALUES (36.81,'Exame Ectostópico','2019-12-22 11:33:35','2020-01-18 18:45:00',271,35,3,6,17);
INSERT INTO projetobd.UsoEquipamento VALUES (121,271,1);
INSERT INTO projetobd.Teste_Clinico VALUES (46.85,'Exame Otológico','2019-07-20 17:17:55','2019-08-16 15:45:00',272,31,3,6,4);
INSERT INTO projetobd.Teste_Clinico VALUES (39.7,'Exame Oftalmologico','2019-12-17 10:44:55','2020-01-02 18:15:00',273,25,1,4,5);
INSERT INTO projetobd.UsoEquipamento VALUES (122,273,5);
INSERT INTO projetobd.UsoEquipamento VALUES (123,273,11);
INSERT INTO projetobd.Teste_Clinico VALUES (47.79,'Exame Biométrico','2019-10-25 17:15:05','2019-12-03 11:00:00',274,4,2,5,13);
INSERT INTO projetobd.UsoEquipamento VALUES (124,274,11);
INSERT INTO projetobd.Teste_Clinico VALUES (36.95,'Exame Otológico','2019-12-29 10:11:37','2020-02-22 13:15:00',275,34,2,6,17);
INSERT INTO projetobd.Teste_Clinico VALUES (41.23,'Avaliação das Capacidades Motoras','2019-10-10 15:43:56','2019-10-25 10:30:00',276,49,1,1,9);
INSERT INTO projetobd.UsoEquipamento VALUES (125,276,11);
INSERT INTO projetobd.UsoEquipamento VALUES (126,276,10);
INSERT INTO projetobd.Teste_Clinico VALUES (31.23,'Exame Oftalmologico','2019-08-24 14:04:29','2019-09-13 12:15:00',277,35,1,4,8);
INSERT INTO projetobd.Teste_Clinico VALUES (42.08,'Exame Ectostópico','2019-11-18 17:46:28','2019-12-07 17:30:00',278,51,3,6,8);
INSERT INTO projetobd.Teste_Clinico VALUES (41.42,'Exame Ectostópico','2019-12-30 09:21:18','2020-01-23 09:15:00',279,10,2,6,16);
INSERT INTO projetobd.Teste_Clinico VALUES (46.34,'Recuperação de Lesão','2019-11-24 17:29:13','2020-01-04 18:00:00',280,17,1,6,11);
INSERT INTO projetobd.Teste_Clinico VALUES (45.15,'Exame Otológico','2019-12-10 14:19:35','2019-12-16 12:00:00',281,27,1,6,13);
INSERT INTO projetobd.Teste_Clinico VALUES (28.18,'Exame Biométrico','2019-11-22 11:19:39','2019-11-27 17:00:00',282,60,1,2,13);
INSERT INTO projetobd.Teste_Clinico VALUES (32.56,'Avaliação das Capacidades Motoras','2019-09-05 18:06:35','2019-10-05 16:15:00',283,32,3,5,8);
INSERT INTO projetobd.UsoEquipamento VALUES (127,283,11);
INSERT INTO projetobd.UsoEquipamento VALUES (128,283,14);
INSERT INTO projetobd.UsoEquipamento VALUES (129,283,12);
INSERT INTO projetobd.Teste_Clinico VALUES (47.79,'Exame Otológico','2019-06-14 15:11:07','2019-07-09 14:45:00',284,63,2,6,12);
INSERT INTO projetobd.Teste_Clinico VALUES (27.72,'Exame Otológico','2019-10-26 13:02:54','2019-12-01 17:45:00',285,27,3,6,1);
INSERT INTO projetobd.Teste_Clinico VALUES (38.3,'Recuperação de Lesão','2019-12-09 18:24:59','2019-12-15 12:00:00',286,22,3,2,10);
INSERT INTO projetobd.UsoEquipamento VALUES (130,286,1);
INSERT INTO projetobd.Teste_Clinico VALUES (32.32,'Exame Fisico','2019-09-06 10:33:41','2019-10-08 14:45:00',287,67,2,2,9);
INSERT INTO projetobd.UsoEquipamento VALUES (131,287,10);
INSERT INTO projetobd.UsoEquipamento VALUES (132,287,3);
INSERT INTO projetobd.UsoEquipamento VALUES (133,287,4);
INSERT INTO projetobd.UsoEquipamento VALUES (134,287,14);
INSERT INTO projetobd.Teste_Clinico VALUES (26.37,'Exame Fisico','2019-09-15 14:49:53','2019-09-30 13:45:00',288,4,2,2,2);
INSERT INTO projetobd.Teste_Clinico VALUES (28.0,'Exame Ectostópico','2019-12-04 16:46:08','2019-12-16 09:45:00',289,1,3,6,4);
INSERT INTO projetobd.Teste_Clinico VALUES (37.84,'Exame Oftalmologico','2019-11-21 16:36:29','2019-12-17 14:00:00',290,17,1,4,9);
INSERT INTO projetobd.UsoEquipamento VALUES (135,290,5);
INSERT INTO projetobd.Teste_Clinico VALUES (42.5,'Exame Biométrico','2019-11-19 15:29:57','2020-01-01 14:30:00',291,1,2,2,15);
INSERT INTO projetobd.Teste_Clinico VALUES (25.64,'Exame Ectostópico','2019-03-07 12:18:49','2019-03-10 12:00:00',292,41,1,6,16);
INSERT INTO projetobd.Teste_Clinico VALUES (46.98,'Exame Fisico','2019-05-08 16:38:18','2019-06-27 17:00:00',293,16,3,2,18);
INSERT INTO projetobd.UsoEquipamento VALUES (136,293,2);
INSERT INTO projetobd.Teste_Clinico VALUES (25.58,'Exame Otológico','2019-12-31 16:34:31','2020-02-07 10:30:00',294,66,2,6,18);
INSERT INTO projetobd.Teste_Clinico VALUES (34.82,'Exame Fisico','2019-08-17 10:32:50','2019-10-04 14:00:00',295,64,3,2,14);
INSERT INTO projetobd.Teste_Clinico VALUES (29.23,'Exame Fisico','2019-11-01 15:10:10','2019-11-22 13:45:00',296,19,2,2,4);
INSERT INTO projetobd.Teste_Clinico VALUES (26.5,'Exame Biométrico','2019-11-30 18:31:45','2020-01-24 09:00:00',297,73,1,5,1);
INSERT INTO projetobd.Teste_Clinico VALUES (45.14,'Avaliação das Capacidades Motoras','2019-10-17 09:37:04','2019-11-03 17:30:00',298,25,2,1,18);
INSERT INTO projetobd.Teste_Clinico VALUES (28.8,'Exame Biométrico','2019-10-01 14:28:08','2019-11-14 09:00:00',299,69,3,2,5);
INSERT INTO projetobd.Teste_Clinico VALUES (44.55,'Exame Oftalmologico','2019-12-17 16:16:27','2020-02-04 16:45:00',300,66,3,4,7);
INSERT INTO projetobd.Teste_Clinico VALUES (44.04,'Exame Biométrico','2019-12-21 10:18:01','2020-01-28 17:00:00',301,66,1,5,13);
INSERT INTO projetobd.Teste_Clinico VALUES (28.89,'Exame Fisico','2019-12-09 17:56:29','2019-12-09 11:45:00',302,17,2,2,15);
INSERT INTO projetobd.UsoEquipamento VALUES (137,302,6);
INSERT INTO projetobd.UsoEquipamento VALUES (138,302,2);
INSERT INTO projetobd.Teste_Clinico VALUES (41.02,'Exame Fisico','2019-10-26 11:59:40','2019-11-04 16:45:00',303,12,2,2,1);
INSERT INTO projetobd.Teste_Clinico VALUES (46.5,'Recuperação de Lesão','2019-11-26 09:25:48','2019-11-29 12:00:00',304,17,1,5,3);
INSERT INTO projetobd.UsoEquipamento VALUES (139,304,9);
INSERT INTO projetobd.UsoEquipamento VALUES (140,304,11);
INSERT INTO projetobd.Teste_Clinico VALUES (42.87,'Avaliação das Capacidades Motoras','2019-10-14 13:54:49','2019-10-16 13:00:00',305,36,1,5,2);
INSERT INTO projetobd.Teste_Clinico VALUES (57.23,'Exame Ectostópico','2019-12-01 12:11:00','2019-12-14 17:45:00',306,47,2,6,19);
INSERT INTO projetobd.Teste_Clinico VALUES (41.64,'Exame Otológico','2019-11-20 18:09:25','2020-01-01 12:30:00',307,29,3,6,11);
INSERT INTO projetobd.UsoEquipamento VALUES (141,307,1);
INSERT INTO projetobd.UsoEquipamento VALUES (142,307,7);
INSERT INTO projetobd.Teste_Clinico VALUES (24.06,'Exame Ectostópico','2019-12-25 14:50:58','2019-12-25 09:45:00',308,57,3,6,2);
INSERT INTO projetobd.Teste_Clinico VALUES (27.33,'Exame Fisico','2019-12-27 16:29:21','2020-02-12 12:00:00',309,4,1,2,10);
INSERT INTO projetobd.Teste_Clinico VALUES (37.49,'Exame Otológico','2019-10-16 13:24:24','2019-10-28 11:00:00',310,16,2,6,8);
INSERT INTO projetobd.Teste_Clinico VALUES (45.32,'Avaliação das Capacidades Motoras','2019-12-31 14:29:12','2020-02-22 12:30:00',311,24,1,5,20);
INSERT INTO projetobd.Teste_Clinico VALUES (33.19,'Exame Oftalmologico','2019-12-10 15:41:25','2020-02-03 11:00:00',312,56,2,4,19);
INSERT INTO projetobd.Teste_Clinico VALUES (24.93,'Exame Otológico','2019-12-13 09:42:46','2020-01-28 09:00:00',313,28,3,6,9);
INSERT INTO projetobd.UsoEquipamento VALUES (143,313,2);
INSERT INTO projetobd.Teste_Clinico VALUES (41.7,'Exame Oftalmologico','2019-12-15 09:51:19','2020-01-26 18:45:00',314,74,3,4,15);
INSERT INTO projetobd.Teste_Clinico VALUES (25.58,'Exame Biométrico','2019-11-11 15:55:34','2019-12-02 10:15:00',315,72,2,2,16);
INSERT INTO projetobd.Teste_Clinico VALUES (46.64,'Exame Biométrico','2019-10-15 14:32:16','2019-11-03 16:30:00',316,49,1,2,1);
INSERT INTO projetobd.Teste_Clinico VALUES (31.72,'Avaliação das Capacidades Motoras','2019-12-18 10:16:58','2019-12-24 11:45:00',317,19,2,1,2);
INSERT INTO projetobd.Teste_Clinico VALUES (39.13,'Exame Otológico','2019-06-21 18:30:48','2019-07-12 16:45:00',318,64,3,6,12);
INSERT INTO projetobd.UsoEquipamento VALUES (144,318,13);
INSERT INTO projetobd.Teste_Clinico VALUES (35.2,'Exame Otológico','2019-05-22 17:23:07','2019-06-18 16:30:00',319,48,3,6,12);
INSERT INTO projetobd.Teste_Clinico VALUES (24.6,'Exame Fisico','2019-10-06 13:57:37','2019-10-27 16:45:00',320,13,2,2,4);
INSERT INTO projetobd.Teste_Clinico VALUES (42.99,'Exame Fisico','2019-08-20 15:21:09','2019-09-05 16:30:00',321,23,2,2,9);
INSERT INTO projetobd.UsoEquipamento VALUES (145,321,2);
INSERT INTO projetobd.Teste_Clinico VALUES (44.01,'Exame Ectostópico','2019-11-24 16:31:49','2019-12-07 15:15:00',322,28,3,6,11);
INSERT INTO projetobd.Teste_Clinico VALUES (42.9,'Exame Otológico','2019-12-01 14:15:04','2019-12-21 11:45:00',323,55,3,6,8);
INSERT INTO projetobd.Teste_Clinico VALUES (27.44,'Exame Oftalmologico','2019-12-18 15:57:56','2020-01-18 12:00:00',324,58,2,4,11);
INSERT INTO projetobd.UsoEquipamento VALUES (146,324,4);
INSERT INTO projetobd.Teste_Clinico VALUES (41.68,'Recuperação de Lesão','2019-08-04 13:13:45','2019-08-11 09:00:00',325,13,2,5,3);
INSERT INTO projetobd.Teste_Clinico VALUES (27.36,'Exame Fisico','2019-10-09 09:58:04','2019-11-06 11:30:00',326,24,3,2,20);
INSERT INTO projetobd.Teste_Clinico VALUES (24.14,'Avaliação das Capacidades Motoras','2019-11-20 09:32:02','2019-12-27 14:30:00',327,8,3,5,6);
INSERT INTO projetobd.UsoEquipamento VALUES (147,327,13);
INSERT INTO projetobd.Teste_Clinico VALUES (31.55,'Exame Biométrico','2019-08-06 09:43:59','2019-09-02 10:00:00',328,26,1,2,6);
INSERT INTO projetobd.Teste_Clinico VALUES (34.63,'Exame Fisico','2019-12-15 09:18:14','2020-02-06 13:30:00',329,36,2,2,8);
INSERT INTO projetobd.Teste_Clinico VALUES (29.19,'Avaliação das Capacidades Motoras','2019-11-22 14:52:09','2019-12-29 14:00:00',330,17,1,5,15);
INSERT INTO projetobd.Teste_Clinico VALUES (24.66,'Avaliação das Capacidades Motoras','2019-10-08 18:19:34','2019-11-18 14:15:00',331,63,2,5,9);
INSERT INTO projetobd.Teste_Clinico VALUES (31.55,'Exame Biométrico','2019-11-04 15:48:41','2019-11-25 18:30:00',332,24,1,5,5);
INSERT INTO projetobd.Teste_Clinico VALUES (31.22,'Exame Oftalmologico','2019-12-05 16:45:27','2020-01-21 18:30:00',333,39,2,4,18);
INSERT INTO projetobd.UsoEquipamento VALUES (148,333,10);
INSERT INTO projetobd.UsoEquipamento VALUES (149,333,2);
INSERT INTO projetobd.UsoEquipamento VALUES (150,333,8);
INSERT INTO projetobd.Teste_Clinico VALUES (26.2,'Exame Biométrico','2019-11-04 12:45:12','2019-12-14 11:00:00',334,20,2,2,11);
INSERT INTO projetobd.Teste_Clinico VALUES (50.72,'Recuperação de Lesão','2019-03-22 12:30:16','2019-04-01 18:15:00',335,50,2,5,14);
INSERT INTO projetobd.Teste_Clinico VALUES (49.92,'Avaliação das Capacidades Motoras','2019-12-30 15:01:37','2020-01-03 17:45:00',336,65,2,1,17);
INSERT INTO projetobd.Teste_Clinico VALUES (41.75,'Exame Oftalmologico','2018-09-10 09:20:40','2018-09-27 15:15:00',337,64,3,4,1);
INSERT INTO projetobd.UsoEquipamento VALUES (151,337,3);
INSERT INTO projetobd.UsoEquipamento VALUES (152,337,5);
INSERT INTO projetobd.Teste_Clinico VALUES (25.38,'Exame Oftalmologico','2019-03-31 15:43:59','2019-04-14 10:45:00',338,16,2,4,14);
INSERT INTO projetobd.Teste_Clinico VALUES (34.57,'Exame Otológico','2019-12-16 09:07:12','2020-01-09 13:15:00',339,52,3,6,7);
INSERT INTO projetobd.Teste_Clinico VALUES (30.77,'Exame Otológico','2019-10-29 10:14:15','2019-11-14 12:45:00',340,36,3,6,18);
INSERT INTO projetobd.UsoEquipamento VALUES (153,340,10);
INSERT INTO projetobd.Teste_Clinico VALUES (28.28,'Exame Otológico','2019-08-13 18:07:13','2019-10-06 12:15:00',341,61,1,6,8);
INSERT INTO projetobd.Teste_Clinico VALUES (39.76,'Exame Ectostópico','2019-11-20 15:50:05','2020-01-03 10:30:00',342,26,1,6,6);
INSERT INTO projetobd.UsoEquipamento VALUES (154,342,12);
INSERT INTO projetobd.Teste_Clinico VALUES (42.72,'Exame Otológico','2019-09-18 11:21:48','2019-09-25 11:45:00',343,28,1,6,3);
INSERT INTO projetobd.Teste_Clinico VALUES (28.42,'Exame Oftalmologico','2019-12-19 14:18:54','2020-01-17 14:00:00',344,22,2,4,10);
INSERT INTO projetobd.UsoEquipamento VALUES (155,344,11);
INSERT INTO projetobd.Teste_Clinico VALUES (33.47,'Exame Ectostópico','2019-11-17 11:54:27','2019-12-17 12:45:00',345,27,3,6,11);
INSERT INTO projetobd.Teste_Clinico VALUES (30.25,'Exame Ectostópico','2019-11-27 14:25:20','2020-01-13 13:30:00',346,53,1,6,12);
INSERT INTO projetobd.UsoEquipamento VALUES (156,346,8);
INSERT INTO projetobd.Teste_Clinico VALUES (45.44,'Exame Biométrico','2019-12-02 17:45:12','2019-12-05 17:30:00',347,11,1,2,11);
INSERT INTO projetobd.UsoEquipamento VALUES (157,347,6);
INSERT INTO projetobd.Teste_Clinico VALUES (35.86,'Exame Otológico','2019-08-07 10:59:12','2019-09-05 11:30:00',348,9,2,6,10);
INSERT INTO projetobd.UsoEquipamento VALUES (158,348,1);
INSERT INTO projetobd.UsoEquipamento VALUES (159,348,8);
INSERT INTO projetobd.Teste_Clinico VALUES (59.32,'Exame Biométrico','2019-01-14 13:05:25','2019-02-22 13:15:00',349,50,1,2,6);
INSERT INTO projetobd.Teste_Clinico VALUES (43.79,'Exame Oftalmologico','2019-11-17 18:38:55','2019-12-24 15:30:00',350,46,2,4,15);
INSERT INTO projetobd.Teste_Clinico VALUES (29.53,'Avaliação das Capacidades Motoras','2019-12-27 10:22:54','2020-02-25 14:00:00',351,67,3,1,20);
INSERT INTO projetobd.Teste_Clinico VALUES (28.78,'Exame Biométrico','2019-09-05 18:43:33','2019-09-14 13:00:00',352,16,1,5,3);
INSERT INTO projetobd.Teste_Clinico VALUES (42.98,'Exame Ectostópico','2019-12-29 17:53:54','2020-01-23 10:00:00',353,62,1,6,6);
INSERT INTO projetobd.Teste_Clinico VALUES (31.69,'Exame Ectostópico','2019-12-17 13:32:09','2020-01-02 16:00:00',354,60,2,6,7);
INSERT INTO projetobd.UsoEquipamento VALUES (160,354,10);
INSERT INTO projetobd.Teste_Clinico VALUES (33.39,'Recuperação de Lesão','2019-12-04 12:37:54','2020-01-12 12:30:00',355,33,2,6,13);
INSERT INTO projetobd.Teste_Clinico VALUES (29.0,'Exame Oftalmologico','2019-11-20 16:57:09','2019-12-10 11:30:00',356,21,1,4,4);
INSERT INTO projetobd.Teste_Clinico VALUES (38.58,'Exame Ectostópico','2019-08-13 15:27:48','2019-08-15 12:15:00',357,6,3,6,3);
INSERT INTO projetobd.Teste_Clinico VALUES (43.88,'Recuperação de Lesão','2019-01-30 10:13:34','2019-03-20 13:30:00',358,70,1,6,12);
INSERT INTO projetobd.Teste_Clinico VALUES (38.95,'Recuperação de Lesão','2019-10-16 10:50:42','2019-11-27 09:15:00',359,72,2,2,8);
INSERT INTO projetobd.Teste_Clinico VALUES (40.16,'Exame Otológico','2019-12-02 15:22:45','2019-12-23 17:45:00',360,11,1,6,16);
INSERT INTO projetobd.Teste_Clinico VALUES (30.22,'Exame Fisico','2019-10-30 09:38:13','2019-12-25 14:00:00',361,4,3,2,16);
INSERT INTO projetobd.Teste_Clinico VALUES (40.03,'Exame Oftalmologico','2020-01-03 11:05:22','2020-02-27 17:30:00',362,60,1,4,3);
INSERT INTO projetobd.Teste_Clinico VALUES (26.27,'Avaliação das Capacidades Motoras','2019-10-31 15:40:47','2019-12-19 09:15:00',363,49,2,5,19);
INSERT INTO projetobd.Teste_Clinico VALUES (42.18,'Avaliação das Capacidades Motoras','2019-08-29 10:21:57','2019-08-30 12:15:00',364,6,3,5,16);
INSERT INTO projetobd.Teste_Clinico VALUES (35.46,'Exame Biométrico','2019-08-06 10:15:44','2019-10-01 12:00:00',365,57,1,5,5);
INSERT INTO projetobd.Teste_Clinico VALUES (35.28,'Exame Ectostópico','2019-12-17 18:00:39','2020-01-18 09:45:00',366,18,1,6,5);
INSERT INTO projetobd.Teste_Clinico VALUES (37.26,'Exame Fisico','2019-10-11 16:15:56','2019-11-21 17:15:00',367,40,3,2,15);
INSERT INTO projetobd.Teste_Clinico VALUES (39.8,'Exame Fisico','2019-10-11 18:18:00','2019-11-07 14:30:00',368,65,3,2,4);
INSERT INTO projetobd.UsoEquipamento VALUES (161,368,6);
INSERT INTO projetobd.Teste_Clinico VALUES (43.7,'Exame Otológico','2019-11-18 15:15:37','2019-12-29 18:45:00',369,52,2,6,3);
INSERT INTO projetobd.Teste_Clinico VALUES (27.03,'Exame Fisico','2019-12-30 17:22:21','2020-01-20 17:15:00',370,35,3,2,11);
INSERT INTO projetobd.Teste_Clinico VALUES (53.96,'Exame Fisico','2019-11-22 15:42:30','2020-01-18 11:30:00',371,11,1,2,13);
INSERT INTO projetobd.UsoEquipamento VALUES (162,371,14);
INSERT INTO projetobd.Teste_Clinico VALUES (36.97,'Recuperação de Lesão','2019-12-26 10:48:13','2020-02-09 15:15:00',372,67,3,5,8);
INSERT INTO projetobd.Teste_Clinico VALUES (34.74,'Exame Fisico','2019-11-06 15:46:15','2019-11-07 10:15:00',373,72,2,2,15);
INSERT INTO projetobd.Teste_Clinico VALUES (30.48,'Exame Biométrico','2019-11-12 18:01:44','2019-11-25 12:15:00',374,52,2,5,5);
INSERT INTO projetobd.Teste_Clinico VALUES (27.62,'Exame Biométrico','2019-12-29 14:21:13','2020-01-01 15:45:00',375,45,2,5,20);
INSERT INTO projetobd.UsoEquipamento VALUES (163,375,3);
INSERT INTO projetobd.UsoEquipamento VALUES (164,375,8);
INSERT INTO projetobd.Teste_Clinico VALUES (29.09,'Exame Biométrico','2019-09-09 18:20:22','2019-10-31 18:15:00',376,15,2,5,18);
INSERT INTO projetobd.UsoEquipamento VALUES (165,376,4);
INSERT INTO projetobd.Teste_Clinico VALUES (40.22,'Exame Oftalmologico','2019-09-04 12:44:40','2019-10-14 11:15:00',377,65,3,4,5);
INSERT INTO projetobd.UsoEquipamento VALUES (166,377,2);
INSERT INTO projetobd.UsoEquipamento VALUES (167,377,5);
INSERT INTO projetobd.UsoEquipamento VALUES (168,377,10);
INSERT INTO projetobd.UsoEquipamento VALUES (169,377,13);
INSERT INTO projetobd.Teste_Clinico VALUES (42.92,'Exame Ectostópico','2019-11-21 14:34:52','2020-01-02 11:15:00',378,8,3,6,3);
INSERT INTO projetobd.Teste_Clinico VALUES (26.74,'Exame Ectostópico','2019-11-30 16:29:57','2019-12-16 18:30:00',379,31,2,6,11);
INSERT INTO projetobd.Teste_Clinico VALUES (44.57,'Exame Ectostópico','2020-01-01 18:02:40','2020-02-02 12:45:00',380,11,2,6,18);
INSERT INTO projetobd.Teste_Clinico VALUES (25.44,'Exame Ectostópico','2019-10-09 16:13:54','2019-11-21 18:00:00',381,6,3,6,9);
INSERT INTO projetobd.Teste_Clinico VALUES (44.84,'Avaliação das Capacidades Motoras','2019-11-08 12:17:51','2019-12-22 14:45:00',382,13,2,1,11);
INSERT INTO projetobd.Teste_Clinico VALUES (24.03,'Exame Ectostópico','2019-10-06 15:27:36','2019-11-04 15:45:00',383,30,2,6,10);
INSERT INTO projetobd.Teste_Clinico VALUES (25.05,'Exame Otológico','2019-03-14 12:18:43','2019-04-19 15:30:00',384,41,2,6,3);
INSERT INTO projetobd.Teste_Clinico VALUES (24.78,'Exame Biométrico','2019-11-06 14:40:05','2019-12-26 16:45:00',385,9,2,2,13);
INSERT INTO projetobd.UsoEquipamento VALUES (170,385,8);
INSERT INTO projetobd.Teste_Clinico VALUES (38.38,'Exame Oftalmologico','2019-12-25 09:18:00','2020-01-13 09:15:00',386,16,3,4,17);
INSERT INTO projetobd.UsoEquipamento VALUES (171,386,7);
INSERT INTO projetobd.Teste_Clinico VALUES (50.64,'Exame Oftalmologico','2019-10-18 09:52:40','2019-11-12 12:00:00',387,47,1,4,5);
INSERT INTO projetobd.Teste_Clinico VALUES (31.44,'Exame Otológico','2019-11-02 14:22:24','2019-12-15 14:15:00',388,28,1,6,20);
INSERT INTO projetobd.UsoEquipamento VALUES (172,388,7);
INSERT INTO projetobd.Teste_Clinico VALUES (27.05,'Exame Biométrico','2019-10-26 11:47:03','2019-11-06 15:45:00',389,58,3,5,6);
INSERT INTO projetobd.UsoEquipamento VALUES (173,389,11);
INSERT INTO projetobd.Teste_Clinico VALUES (40.77,'Exame Biométrico','2019-09-11 18:23:42','2019-10-11 11:45:00',390,22,3,2,18);
INSERT INTO projetobd.Teste_Clinico VALUES (25.95,'Exame Oftalmologico','2019-12-03 10:23:01','2019-12-23 12:30:00',391,37,2,4,19);
INSERT INTO projetobd.Teste_Clinico VALUES (32.21,'Recuperação de Lesão','2019-12-02 12:02:21','2020-01-13 16:45:00',392,45,1,2,2);
INSERT INTO projetobd.Teste_Clinico VALUES (33.45,'Exame Oftalmologico','2019-12-04 18:27:52','2019-12-19 11:00:00',393,56,2,4,7);
INSERT INTO projetobd.Teste_Clinico VALUES (24.09,'Exame Oftalmologico','2019-08-03 13:36:28','2019-08-03 12:15:00',394,41,1,4,9);
INSERT INTO projetobd.Teste_Clinico VALUES (39.14,'Exame Otológico','2019-07-27 09:20:57','2019-09-15 12:00:00',395,53,3,6,8);
INSERT INTO projetobd.Teste_Clinico VALUES (44.66,'Exame Biométrico','2019-11-25 16:27:40','2019-12-01 18:15:00',396,52,3,5,17);
INSERT INTO projetobd.UsoEquipamento VALUES (174,396,3);
INSERT INTO projetobd.UsoEquipamento VALUES (175,396,10);
INSERT INTO projetobd.UsoEquipamento VALUES (176,396,5);
INSERT INTO projetobd.UsoEquipamento VALUES (177,396,14);
INSERT INTO projetobd.Teste_Clinico VALUES (40.46,'Exame Otológico','2019-09-28 12:44:46','2019-11-14 09:00:00',397,7,3,6,10);
INSERT INTO projetobd.Teste_Clinico VALUES (25.41,'Exame Oftalmologico','2019-12-11 15:32:33','2020-01-02 17:45:00',398,74,3,4,11);
INSERT INTO projetobd.Teste_Clinico VALUES (44.84,'Exame Oftalmologico','2019-12-17 13:24:04','2019-12-22 12:15:00',399,35,3,4,3);
INSERT INTO projetobd.Teste_Clinico VALUES (32.97,'Exame Otológico','2019-11-16 09:01:10','2019-12-16 10:45:00',400,21,2,6,18);
INSERT INTO projetobd.Teste_Clinico VALUES (40.96,'Avaliação das Capacidades Motoras','2019-11-13 15:34:19','2020-01-09 11:45:00',401,57,2,5,7);
INSERT INTO projetobd.Teste_Clinico VALUES (36.42,'Recuperação de Lesão','2019-11-03 16:00:44','2019-12-31 09:45:00',402,19,2,6,19);
INSERT INTO projetobd.UsoEquipamento VALUES (178,402,13);
INSERT INTO projetobd.Teste_Clinico VALUES (31.6,'Exame Otológico','2019-01-07 18:40:09','2019-02-04 17:30:00',403,27,3,6,12);
INSERT INTO projetobd.Teste_Clinico VALUES (29.59,'Recuperação de Lesão','2019-12-23 17:51:56','2020-01-06 11:00:00',404,75,1,6,17);
INSERT INTO projetobd.Teste_Clinico VALUES (29.31,'Exame Otológico','2019-11-10 11:27:46','2019-12-21 17:15:00',405,22,2,6,20);
INSERT INTO projetobd.Teste_Clinico VALUES (43.83,'Exame Otológico','2019-10-08 18:16:06','2019-11-04 17:30:00',406,35,1,6,15);
INSERT INTO projetobd.Teste_Clinico VALUES (45.34,'Exame Fisico','2019-12-23 12:49:35','2020-01-21 15:00:00',407,73,1,2,1);
INSERT INTO projetobd.Teste_Clinico VALUES (54.19,'Exame Fisico','2019-10-27 18:42:29','2019-12-03 12:15:00',408,47,3,2,5);
INSERT INTO projetobd.UsoEquipamento VALUES (179,408,4);
INSERT INTO projetobd.Teste_Clinico VALUES (45.76,'Exame Otológico','2019-12-19 12:28:05','2020-01-17 09:30:00',409,10,1,6,9);
INSERT INTO projetobd.Teste_Clinico VALUES (28.72,'Exame Ectostópico','2019-12-05 16:30:02','2019-12-11 15:15:00',410,18,1,6,12);
INSERT INTO projetobd.Teste_Clinico VALUES (41.08,'Exame Ectostópico','2019-10-28 15:49:11','2019-12-13 17:30:00',411,40,1,6,20);
INSERT INTO projetobd.UsoEquipamento VALUES (180,411,13);
INSERT INTO projetobd.UsoEquipamento VALUES (181,411,9);
INSERT INTO projetobd.Teste_Clinico VALUES (44.3,'Exame Biométrico','2019-05-20 17:44:12','2019-07-15 11:45:00',412,75,2,5,15);
INSERT INTO projetobd.Teste_Clinico VALUES (43.79,'Exame Fisico','2019-12-17 17:51:54','2020-02-04 11:30:00',413,73,1,2,9);
INSERT INTO projetobd.Teste_Clinico VALUES (30.44,'Exame Fisico','2019-09-15 13:54:10','2019-09-22 13:15:00',414,69,3,2,8);
INSERT INTO projetobd.Teste_Clinico VALUES (31.89,'Exame Otológico','2019-10-08 17:04:08','2019-11-20 17:15:00',415,20,3,6,1);
INSERT INTO projetobd.Teste_Clinico VALUES (35.61,'Exame Oftalmologico','2019-11-19 16:51:16','2019-11-21 12:15:00',416,4,1,4,4);
INSERT INTO projetobd.Teste_Clinico VALUES (40.29,'Avaliação das Capacidades Motoras','2019-11-25 17:42:42','2019-12-05 13:45:00',417,24,1,5,17);
INSERT INTO projetobd.Teste_Clinico VALUES (28.18,'Exame Oftalmologico','2019-12-01 15:12:01','2019-12-09 11:30:00',418,69,1,4,11);
INSERT INTO projetobd.UsoEquipamento VALUES (182,418,9);
INSERT INTO projetobd.Teste_Clinico VALUES (53.09,'Exame Ectostópico','2019-11-18 09:27:05','2019-11-25 16:45:00',419,65,2,6,19);
INSERT INTO projetobd.Teste_Clinico VALUES (45.37,'Exame Biométrico','2019-12-22 15:36:31','2020-02-18 11:15:00',420,1,1,5,12);
INSERT INTO projetobd.Teste_Clinico VALUES (46.01,'Exame Otológico','2019-12-10 13:22:26','2019-12-15 18:45:00',421,31,1,6,18);
INSERT INTO projetobd.Teste_Clinico VALUES (45.48,'Exame Oftalmologico','2019-12-31 12:30:27','2020-01-08 11:00:00',422,14,2,4,19);
INSERT INTO projetobd.Teste_Clinico VALUES (33.07,'Exame Fisico','2019-09-06 18:14:29','2019-10-24 09:15:00',423,65,1,2,16);
INSERT INTO projetobd.Teste_Clinico VALUES (40.11,'Recuperação de Lesão','2019-09-14 16:39:22','2019-10-29 14:45:00',424,75,1,2,5);
INSERT INTO projetobd.Teste_Clinico VALUES (33.66,'Exame Fisico','2019-12-17 09:56:21','2020-01-20 14:15:00',425,18,1,2,18);
INSERT INTO projetobd.Teste_Clinico VALUES (24.28,'Avaliação das Capacidades Motoras','2019-06-13 18:53:10','2019-08-07 16:00:00',426,31,2,5,9);
INSERT INTO projetobd.Teste_Clinico VALUES (40.73,'Avaliação das Capacidades Motoras','2019-10-21 12:04:05','2019-11-01 09:00:00',427,50,3,5,7);
INSERT INTO projetobd.UsoEquipamento VALUES (183,427,10);
INSERT INTO projetobd.Teste_Clinico VALUES (41.76,'Exame Ectostópico','2020-01-02 17:03:39','2020-01-08 12:30:00',428,42,2,6,19);
INSERT INTO projetobd.UsoEquipamento VALUES (184,428,10);
INSERT INTO projetobd.Teste_Clinico VALUES (44.44,'Exame Fisico','2019-10-21 14:27:54','2019-11-24 13:15:00',429,29,2,2,19);
INSERT INTO projetobd.Teste_Clinico VALUES (40.56,'Avaliação das Capacidades Motoras','2019-11-16 14:07:26','2019-12-21 14:00:00',430,44,2,5,9);
INSERT INTO projetobd.UsoEquipamento VALUES (185,430,4);